{"name":"worker","pid":221,"phase":"SPIN_UP_BUILDER","buildId":"6d711126-4c0b-46e1-95b4-2c0c51b4efc4","level":30,"msg":"AMD, 4 vCPUs, 15.62 GB RAM","time":"2026-10-08T02:00:21.188Z","v":0,"logId":"01a1193d-77c4-73b5-8493-0a2314a163ba"}
{"name":"worker","pid":221,"phase":"SPIN_UP_BUILDER","buildId":"6d711126-4c0b-46e1-95b4-2c0c51b4efc4","level":30,"msg":"","time":"2026-10-08T02:00:21.190Z","v":0,"logId":"01a1193d-77c6-7f24-b76d-d656fd5d1608"}
{"name":"worker","pid":221,"phase":"SPIN_UP_BUILDER","buildId":"6d711126-4c0b-46e1-95b4-2c0c51b4efc4","level":30,"msg":"Using image \"ubuntu-26.04-jdk-17-ndk-r27b-sdk-57\" based on \"ubuntu-2604-resolute-amd64-v20260624\"","time":"2026-10-08T02:00:21.190Z","v":0,"logId":"01a1193d-77c6-7f24-b76d-d657d604f611"}
{"name":"worker","pid":221,"phase":"SPIN_UP_BUILDER","buildId":"6d711126-4c0b-46e1-95b4-2c0c51b4efc4","level":30,"msg":"","time":"2026-10-08T02:00:21.190Z","v":0,"logId":"01a1193d-77c7-7ce0-ba08-7cf3d63b375a"}
{"name":"worker","pid":221,"phase":"SPIN_UP_BUILDER","buildId":"6d711126-4c0b-46e1-95b4-2c0c51b4efc4","level":30,"msg":"Installed software:","time":"2026-10-08T02:00:21.191Z","v":0,"logId":"01a1193d-77c7-7ce0-ba08-7cf47fd84a59"}
{"name":"worker","pid":221,"phase":"SPIN_UP_BUILDER","buildId":"6d711126-4c0b-46e1-95b4-2c0c51b4efc4","level":30,"msg":"- NDK 27.1.12297006","time":"2026-10-08T02:00:21.191Z","v":0,"logId":"01a1193d-77c7-7ce0-ba08-7cf508ec2675"}
{"name":"worker","pid":221,"phase":"SPIN_UP_BUILDER","buildId":"6d711126-4c0b-46e1-95b4-2c0c51b4efc4","level":30,"msg":"- Node.js 22.23.1","time":"2026-10-08T02:00:21.191Z","v":0,"logId":"01a1193d-77c7-7ce0-ba08-7cf6c7babc52"}
{"name":"worker","pid":221,"phase":"SPIN_UP_BUILDER","buildId":"6d711126-4c0b-46e1-95b4-2c0c51b4efc4","level":30,"msg":"- Bun 1.3.14","time":"2026-10-08T02:00:21.191Z","v":0,"logId":"01a1193d-77c7-7ce0-ba08-7cf79065068d"}
{"name":"worker","pid":221,"phase":"SPIN_UP_BUILDER","buildId":"6d711126-4c0b-46e1-95b4-2c0c51b4efc4","level":30,"msg":"- Yarn 1.22.22","time":"2026-10-08T02:00:21.191Z","v":0,"logId":"01a1193d-77c7-7ce0-ba08-7cf810b39c8c"}
{"name":"worker","pid":221,"phase":"SPIN_UP_BUILDER","buildId":"6d711126-4c0b-46e1-95b4-2c0c51b4efc4","level":30,"msg":"- pnpm 11.9.0","time":"2026-10-08T02:00:21.191Z","v":0,"logId":"01a1193d-77c7-7ce0-ba08-7cf9bd99d366"}
{"name":"worker","pid":221,"phase":"SPIN_UP_BUILDER","buildId":"6d711126-4c0b-46e1-95b4-2c0c51b4efc4","level":30,"msg":"- npm 10.9.8","time":"2026-10-08T02:00:21.191Z","v":0,"logId":"01a1193d-77c7-7ce0-ba08-7cfadf889a9e"}
{"name":"worker","pid":221,"phase":"SPIN_UP_BUILDER","buildId":"6d711126-4c0b-46e1-95b4-2c0c51b4efc4","level":30,"msg":"- Java 17","time":"2026-10-08T02:00:21.191Z","v":0,"logId":"01a1193d-77c7-7ce0-ba08-7cfb6e8772f9"}
{"name":"worker","pid":221,"phase":"SPIN_UP_BUILDER","buildId":"6d711126-4c0b-46e1-95b4-2c0c51b4efc4","level":30,"msg":"- node-gyp 13.0.0","time":"2026-10-08T02:00:21.191Z","v":0,"logId":"01a1193d-77c7-7ce0-ba08-7cfc8d7e07f2"}
{"name":"worker","pid":221,"phase":"SPIN_UP_BUILDER","buildId":"6d711126-4c0b-46e1-95b4-2c0c51b4efc4","level":30,"msg":"- Maestro 2.6.1","time":"2026-10-08T02:00:21.191Z","v":0,"logId":"01a1193d-77c7-7ce0-ba08-7cfd9e920a54"}
{"name":"worker","pid":221,"phase":"SPIN_UP_BUILDER","buildId":"6d711126-4c0b-46e1-95b4-2c0c51b4efc4","level":30,"msg":"","time":"2026-10-08T02:00:21.192Z","v":0,"logId":"01a1193d-77c8-72dc-9174-7bf848e2f5bc"}
{"name":"worker","pid":221,"phase":"SPIN_UP_BUILDER","buildId":"6d711126-4c0b-46e1-95b4-2c0c51b4efc4","level":30,"msg":"Project environment variables:","time":"2026-10-08T02:00:21.192Z","v":0,"logId":"01a1193d-77c8-72dc-9174-7bf95c180683"}
{"name":"worker","pid":221,"phase":"SPIN_UP_BUILDER","buildId":"6d711126-4c0b-46e1-95b4-2c0c51b4efc4","level":30,"msg":"  EAS_GRADLE_CACHE=0","time":"2026-10-08T02:00:21.192Z","v":0,"logId":"01a1193d-77c8-72dc-9174-7bfa15f9d486"}
{"name":"worker","pid":221,"phase":"SPIN_UP_BUILDER","buildId":"6d711126-4c0b-46e1-95b4-2c0c51b4efc4","level":30,"msg":"  EAS_USE_CACHE=1","time":"2026-10-08T02:00:21.192Z","v":0,"logId":"01a1193d-77c8-72dc-9174-7bfb369d6c6e"}
{"name":"worker","pid":221,"phase":"SPIN_UP_BUILDER","buildId":"6d711126-4c0b-46e1-95b4-2c0c51b4efc4","level":30,"msg":"  EAS_USE_NPM_CACHE=0","time":"2026-10-08T02:00:21.192Z","v":0,"logId":"01a1193d-77c8-72dc-9174-7bfcd226568c"}
{"name":"worker","pid":221,"phase":"SPIN_UP_BUILDER","buildId":"6d711126-4c0b-46e1-95b4-2c0c51b4efc4","level":30,"msg":"  __API_SERVER_URL=https://api.expo.dev/","time":"2026-10-08T02:00:21.192Z","v":0,"logId":"01a1193d-77c8-72dc-9174-7bfd0da8b6cb"}
{"name":"worker","pid":221,"phase":"SPIN_UP_BUILDER","buildId":"6d711126-4c0b-46e1-95b4-2c0c51b4efc4","level":30,"msg":"","time":"2026-10-08T02:00:21.192Z","v":0,"logId":"01a1193d-77c8-72dc-9174-7bfe5947888c"}
{"name":"worker","pid":221,"phase":"SPIN_UP_BUILDER","buildId":"6d711126-4c0b-46e1-95b4-2c0c51b4efc4","level":30,"msg":"Environment secrets:","time":"2026-10-08T02:00:21.192Z","v":0,"logId":"01a1193d-77c8-72dc-9174-7bff7a9eca56"}
{"name":"worker","pid":221,"phase":"SPIN_UP_BUILDER","buildId":"6d711126-4c0b-46e1-95b4-2c0c51b4efc4","level":30,"msg":"  EXPO_TOKEN=********","time":"2026-10-08T02:00:21.192Z","v":0,"logId":"01a1193d-77c8-72dc-9174-7c00beb902af"}
{"name":"worker","pid":221,"phase":"SPIN_UP_BUILDER","buildId":"6d711126-4c0b-46e1-95b4-2c0c51b4efc4","level":30,"msg":"","time":"2026-10-08T02:00:21.192Z","v":0,"logId":"01a1193d-77c8-72dc-9174-7c0174d85f8a"}
{"name":"worker","pid":221,"phase":"SPIN_UP_BUILDER","buildId":"6d711126-4c0b-46e1-95b4-2c0c51b4efc4","level":30,"msg":"EAS Build environment variables:","time":"2026-10-08T02:00:21.192Z","v":0,"logId":"01a1193d-77c8-72dc-9174-7c020e134998"}
{"name":"worker","pid":221,"phase":"SPIN_UP_BUILDER","buildId":"6d711126-4c0b-46e1-95b4-2c0c51b4efc4","level":30,"msg":"  NVM_INC=/home/expo/.nvm/versions/node/v22.23.1/include/node","time":"2026-10-08T02:00:21.192Z","v":0,"logId":"01a1193d-77c8-72dc-9174-7c034603db76"}
{"name":"worker","pid":221,"phase":"SPIN_UP_BUILDER","buildId":"6d711126-4c0b-46e1-95b4-2c0c51b4efc4","level":30,"msg":"  HOSTNAME=turtle-worker-2c0c51b4efc4","time":"2026-10-08T02:00:21.192Z","v":0,"logId":"01a1193d-77c9-7633-be19-5cff95068efe"}
{"name":"worker","pid":221,"phase":"SPIN_UP_BUILDER","buildId":"6d711126-4c0b-46e1-95b4-2c0c51b4efc4","level":30,"msg":"  JAVA_HOME=/usr/lib/jvm/java-17-openjdk-amd64","time":"2026-10-08T02:00:21.193Z","v":0,"logId":"01a1193d-77c9-7633-be19-5d00d64aae7b"}
{"name":"worker","pid":221,"phase":"SPIN_UP_BUILDER","buildId":"6d711126-4c0b-46e1-95b4-2c0c51b4efc4","level":30,"msg":"  WORKER_TARBALL_URL=https://storage.googleapis.com/eas-build-worker-tarballs/worker-android-production.tar.gz","time":"2026-10-08T02:00:21.193Z","v":0,"logId":"01a1193d-77c9-7633-be19-5d01b142d8eb"}
{"name":"worker","pid":221,"phase":"SPIN_UP_BUILDER","buildId":"6d711126-4c0b-46e1-95b4-2c0c51b4efc4","level":30,"msg":"  PWD=/usr/local/eas-build-worker","time":"2026-10-08T02:00:21.193Z","v":0,"logId":"01a1193d-77c9-7633-be19-5d026e07c75a"}
{"name":"worker","pid":221,"phase":"SPIN_UP_BUILDER","buildId":"6d711126-4c0b-46e1-95b4-2c0c51b4efc4","level":30,"msg":"  HOME=/home/expo","time":"2026-10-08T02:00:21.193Z","v":0,"logId":"01a1193d-77c9-7633-be19-5d03eca15303"}
{"name":"worker","pid":221,"phase":"SPIN_UP_BUILDER","buildId":"6d711126-4c0b-46e1-95b4-2c0c51b4efc4","level":30,"msg":"  ANDROID_NDK_HOME=/home/expo/Android/Sdk/ndk/27.1.12297006","time":"2026-10-08T02:00:21.193Z","v":0,"logId":"01a1193d-77c9-7633-be19-5d04e7ed9633"}
{"name":"worker","pid":221,"phase":"SPIN_UP_BUILDER","buildId":"6d711126-4c0b-46e1-95b4-2c0c51b4efc4","level":30,"msg":"  NVM_DIR=/home/expo/.nvm","time":"2026-10-08T02:00:21.193Z","v":0,"logId":"01a1193d-77c9-7633-be19-5d05b51b909c"}
{"name":"worker","pid":221,"phase":"SPIN_UP_BUILDER","buildId":"6d711126-4c0b-46e1-95b4-2c0c51b4efc4","level":30,"msg":"  ANDROID_HOME=/home/expo/Android/Sdk","time":"2026-10-08T02:00:21.193Z","v":0,"logId":"01a1193d-77c9-7633-be19-5d06a14e7c83"}
{"name":"worker","pid":221,"phase":"SPIN_UP_BUILDER","buildId":"6d711126-4c0b-46e1-95b4-2c0c51b4efc4","level":30,"msg":"  SHLVL=1","time":"2026-10-08T02:00:21.193Z","v":0,"logId":"01a1193d-77c9-7633-be19-5d07f83c41c0"}
{"name":"worker","pid":221,"phase":"SPIN_UP_BUILDER","buildId":"6d711126-4c0b-46e1-95b4-2c0c51b4efc4","level":30,"msg":"  ANDROID_SDK_ROOT=/home/expo/Android/Sdk","time":"2026-10-08T02:00:21.193Z","v":0,"logId":"01a1193d-77c9-7633-be19-5d086814244a"}
{"name":"worker","pid":221,"phase":"SPIN_UP_BUILDER","buildId":"6d711126-4c0b-46e1-95b4-2c0c51b4efc4","level":30,"msg":"  PATH=/home/expo/workingdir/bin:/home/expo/.nvm/versions/node/v22.23.1/bin:/opt/bundletool:/home/expo/Android/Sdk/build-tools/36.0.0:/home/expo/Android/Sdk/ndk/27.1.12297006:/home/expo/Android/Sdk/cmdline-tools/tools/bin:/home/expo/Android/Sdk/tools:/home/expo/Android/Sdk/tools/bin:/home/expo/Android/Sdk/platform-tools:/home/expo/Android/Sdk/emulator:/usr/local/sbin:/usr/local/bin:/usr/sbin:/usr/bin:/sbin:/bin:/snap/bin:/home/expo/.bun/bin","time":"2026-10-08T02:00:21.193Z","v":0,"logId":"01a1193d-77c9-7633-be19-5d09721e18de"}
{"name":"worker","pid":221,"phase":"SPIN_UP_BUILDER","buildId":"6d711126-4c0b-46e1-95b4-2c0c51b4efc4","level":30,"msg":"  LOGGER_LEVEL=debug","time":"2026-10-08T02:00:21.193Z","v":0,"logId":"01a1193d-77c9-7633-be19-5d0a9c885d8b"}
{"name":"worker","pid":221,"phase":"SPIN_UP_BUILDER","buildId":"6d711126-4c0b-46e1-95b4-2c0c51b4efc4","level":30,"msg":"  NVM_BIN=/home/expo/.nvm/versions/node/v22.23.1/bin","time":"2026-10-08T02:00:21.193Z","v":0,"logId":"01a1193d-77c9-7633-be19-5d0b27af375d"}
{"name":"worker","pid":221,"phase":"SPIN_UP_BUILDER","buildId":"6d711126-4c0b-46e1-95b4-2c0c51b4efc4","level":30,"msg":"  EAS_BUILD_WORKER_DIR=/home/expo/eas-build-worker","time":"2026-10-08T02:00:21.193Z","v":0,"logId":"01a1193d-77c9-7633-be19-5d0ce6966532"}
{"name":"worker","pid":221,"phase":"SPIN_UP_BUILDER","buildId":"6d711126-4c0b-46e1-95b4-2c0c51b4efc4","level":30,"msg":"  OLDPWD=/home/expo","time":"2026-10-08T02:00:21.193Z","v":0,"logId":"01a1193d-77c9-7633-be19-5d0d093fd487"}
{"name":"worker","pid":221,"phase":"SPIN_UP_BUILDER","buildId":"6d711126-4c0b-46e1-95b4-2c0c51b4efc4","level":30,"msg":"  _=/home/expo/.nvm/versions/node/v22.23.1/bin/node","time":"2026-10-08T02:00:21.193Z","v":0,"logId":"01a1193d-77c9-7633-be19-5d0e6001dfee"}
{"name":"worker","pid":221,"phase":"SPIN_UP_BUILDER","buildId":"6d711126-4c0b-46e1-95b4-2c0c51b4efc4","level":30,"msg":"  CI=1","time":"2026-10-08T02:00:21.193Z","v":0,"logId":"01a1193d-77c9-7633-be19-5d0f7845d812"}
{"name":"worker","pid":221,"phase":"SPIN_UP_BUILDER","buildId":"6d711126-4c0b-46e1-95b4-2c0c51b4efc4","level":30,"msg":"  MAESTRO_DRIVER_STARTUP_TIMEOUT=120000","time":"2026-10-08T02:00:21.193Z","v":0,"logId":"01a1193d-77c9-7633-be19-5d1018a0bfe2"}
{"name":"worker","pid":221,"phase":"SPIN_UP_BUILDER","buildId":"6d711126-4c0b-46e1-95b4-2c0c51b4efc4","level":30,"msg":"  MAESTRO_CLI_NO_ANALYTICS=1","time":"2026-10-08T02:00:21.193Z","v":0,"logId":"01a1193d-77c9-7633-be19-5d117cd71a0f"}
{"name":"worker","pid":221,"phase":"SPIN_UP_BUILDER","buildId":"6d711126-4c0b-46e1-95b4-2c0c51b4efc4","level":30,"msg":"  HOMEBREW_NO_AUTO_UPDATE=1","time":"2026-10-08T02:00:21.193Z","v":0,"logId":"01a1193d-77c9-7633-be19-5d12d29fc04d"}
{"name":"worker","pid":221,"phase":"SPIN_UP_BUILDER","buildId":"6d711126-4c0b-46e1-95b4-2c0c51b4efc4","level":30,"msg":"  EAS_BUILD=true","time":"2026-10-08T02:00:21.193Z","v":0,"logId":"01a1193d-77c9-7633-be19-5d13c8fad926"}
{"name":"worker","pid":221,"phase":"SPIN_UP_BUILDER","buildId":"6d711126-4c0b-46e1-95b4-2c0c51b4efc4","level":30,"msg":"  EAS_BUILD_RUNNER=eas-build","time":"2026-10-08T02:00:21.193Z","v":0,"logId":"01a1193d-77c9-7633-be19-5d14191fc6af"}
{"name":"worker","pid":221,"phase":"SPIN_UP_BUILDER","buildId":"6d711126-4c0b-46e1-95b4-2c0c51b4efc4","level":30,"msg":"  EAS_BUILD_PLATFORM=android","time":"2026-10-08T02:00:21.193Z","v":0,"logId":"01a1193d-77c9-7633-be19-5d15f49c26e9"}
{"name":"worker","pid":221,"phase":"SPIN_UP_BUILDER","buildId":"6d711126-4c0b-46e1-95b4-2c0c51b4efc4","level":30,"msg":"  EAS_CLI_SENTRY_DSN=https://ca4734dc503543b28d55fdaf0563f61c@o30871.ingest.sentry.io/1837720","time":"2026-10-08T02:00:21.193Z","v":0,"logId":"01a1193d-77c9-7633-be19-5d16b67ff7e8"}
{"name":"worker","pid":221,"phase":"SPIN_UP_BUILDER","buildId":"6d711126-4c0b-46e1-95b4-2c0c51b4efc4","level":30,"msg":"  NVM_NODEJS_ORG_MIRROR=http://nodejs.production.caches.eas-build.internal","time":"2026-10-08T02:00:21.193Z","v":0,"logId":"01a1193d-77c9-7633-be19-5d17c289e2a7"}
{"name":"worker","pid":221,"phase":"SPIN_UP_BUILDER","buildId":"6d711126-4c0b-46e1-95b4-2c0c51b4efc4","level":30,"msg":"  EAS_BUILD_PROFILE=preview","time":"2026-10-08T02:00:21.193Z","v":0,"logId":"01a1193d-77c9-7633-be19-5d1830325191"}
{"name":"worker","pid":221,"phase":"SPIN_UP_BUILDER","buildId":"6d711126-4c0b-46e1-95b4-2c0c51b4efc4","level":30,"msg":"  EAS_BUILD_GIT_COMMIT_HASH=7c3037fbb044540dfeaf3b46642edf42005ad657","time":"2026-10-08T02:00:21.193Z","v":0,"logId":"01a1193d-77c9-7633-be19-5d191d5495c8"}
{"name":"worker","pid":221,"phase":"SPIN_UP_BUILDER","buildId":"6d711126-4c0b-46e1-95b4-2c0c51b4efc4","level":30,"msg":"  EAS_BUILD_ID=6d711126-4c0b-46e1-95b4-2c0c51b4efc4","time":"2026-10-08T02:00:21.193Z","v":0,"logId":"01a1193d-77c9-7633-be19-5d1a0f16142a"}
{"name":"worker","pid":221,"phase":"SPIN_UP_BUILDER","buildId":"6d711126-4c0b-46e1-95b4-2c0c51b4efc4","level":30,"msg":"  LANG=en_US.UTF-8","time":"2026-10-08T02:00:21.193Z","v":0,"logId":"01a1193d-77ca-761f-8d92-166ba076c82a"}
{"name":"worker","pid":221,"phase":"SPIN_UP_BUILDER","buildId":"6d711126-4c0b-46e1-95b4-2c0c51b4efc4","level":30,"msg":"  EAS_BUILD_WORKINGDIR=/home/expo/workingdir/build","time":"2026-10-08T02:00:21.194Z","v":0,"logId":"01a1193d-77ca-761f-8d92-166cd68a3122"}
{"name":"worker","pid":221,"phase":"SPIN_UP_BUILDER","buildId":"6d711126-4c0b-46e1-95b4-2c0c51b4efc4","level":30,"msg":"  EAS_BUILD_PROJECT_ID=5215d237-41b0-4947-a79f-e537bb73f7a2","time":"2026-10-08T02:00:21.194Z","v":0,"logId":"01a1193d-77ca-761f-8d92-166d1050405b"}
{"name":"worker","pid":221,"phase":"SPIN_UP_BUILDER","buildId":"6d711126-4c0b-46e1-95b4-2c0c51b4efc4","level":30,"msg":"  ANDROID_CCACHE=/usr/bin/ccache","time":"2026-10-08T02:00:21.194Z","v":0,"logId":"01a1193d-77ca-761f-8d92-166e7c1846fd"}
{"name":"worker","pid":221,"phase":"SPIN_UP_BUILDER","buildId":"6d711126-4c0b-46e1-95b4-2c0c51b4efc4","level":30,"msg":"  EAS_BUILD_MAVEN_CACHE_URL=http://maven.production.caches.eas-build.internal","time":"2026-10-08T02:00:21.194Z","v":0,"logId":"01a1193d-77ca-761f-8d92-166fb9fa040b"}
{"name":"worker","pid":221,"phase":"SPIN_UP_BUILDER","buildId":"6d711126-4c0b-46e1-95b4-2c0c51b4efc4","level":30,"msg":"  GRADLE_OPTS=-Dorg.gradle.jvmargs=\"-XX:MaxMetaspaceSize=1g -Xmx4g -XX:+HeapDumpOnOutOfMemoryError -Dfile.encoding=UTF-8\" -Dorg.gradle.parallel=true -Dorg.gradle.daemon=false","time":"2026-10-08T02:00:21.194Z","v":0,"logId":"01a1193d-77ca-761f-8d92-16709e5b59f0"}
{"name":"worker","pid":221,"phase":"SPIN_UP_BUILDER","buildId":"6d711126-4c0b-46e1-95b4-2c0c51b4efc4","level":30,"msg":"  EAS_BUILD_ANDROID_VERSION_CODE=1","time":"2026-10-08T02:00:21.194Z","v":0,"logId":"01a1193d-77ca-761f-8d92-1671f4eb2ebb"}
{"name":"worker","pid":221,"phase":"SPIN_UP_BUILDER","buildId":"6d711126-4c0b-46e1-95b4-2c0c51b4efc4","level":30,"msg":"  EAS_BUILD_USERNAME=kirl123","time":"2026-10-08T02:00:21.194Z","v":0,"logId":"01a1193d-77ca-761f-8d92-1672254eb485"}
{"name":"worker","pid":221,"phase":"SPIN_UP_BUILDER","buildId":"6d711126-4c0b-46e1-95b4-2c0c51b4efc4","level":30,"msg":"  __EAS_BUILD_ENVS_DIR=/home/expo/workingdir/env","time":"2026-10-08T02:00:21.194Z","v":0,"logId":"01a1193d-77ca-761f-8d92-16735f33d9c9"}
{"name":"worker","pid":221,"phase":"SPIN_UP_BUILDER","buildId":"6d711126-4c0b-46e1-95b4-2c0c51b4efc4","level":30,"msg":"","time":"2026-10-08T02:00:21.194Z","v":0,"logId":"01a1193d-77ca-761f-8d92-1674eb3844f8"}
{"name":"worker","pid":221,"phase":"SPIN_UP_BUILDER","buildId":"6d711126-4c0b-46e1-95b4-2c0c51b4efc4","level":30,"job":{"appId":"5215d237-41b0-4947-a79f-e537bb73f7a2","buildType":"apk","builderEnvironment":{"env":{"EAS_GRADLE_CACHE":"0","EAS_USE_CACHE":"1","EAS_USE_NPM_CACHE":"0","__API_SERVER_URL":"https://api.expo.dev/"},"image":"ubuntu-26.04-jdk-17-ndk-r27b-sdk-57"},"cache":{"clear":false,"disabled":false,"paths":[]},"environment":"preview","experimental":{},"expoBuildUrl":"https://expo.dev/accounts/kirl123/projects/PhotoSync/builds/6d711126-4c0b-46e1-95b4-2c0c51b4efc4","initiatingUserId":"d12279a8-419c-4048-bf87-3be79a115102","mode":"build","platform":"android","projectRootDirectory":".","triggeredBy":"EAS_CLI","type":"managed","updates":{},"username":"kirl123","version":{"versionCode":"1"}},"msg":"Builder is ready, starting build","time":"2026-10-08T02:00:21.194Z","v":0,"logId":"01a1193d-77ca-761f-8d92-1675b6390170"}
{"name":"worker","pid":221,"phase":"SPIN_UP_BUILDER","buildId":"6d711126-4c0b-46e1-95b4-2c0c51b4efc4","level":30,"marker":"END_PHASE","result":"success","durationMs":7,"msg":"End phase: SPIN_UP_BUILDER","time":"2026-10-08T02:00:21.196Z","v":0,"logId":"01a1193d-77cc-7fb1-8251-8b77d2643fad"}
{"name":"worker","pid":221,"phase":"INSTALL_CUSTOM_TOOLS","buildId":"6d711126-4c0b-46e1-95b4-2c0c51b4efc4","level":30,"marker":"START_PHASE","msg":"Start phase: INSTALL_CUSTOM_TOOLS","time":"2026-10-08T02:00:21.196Z","v":0,"logId":"01a1193d-77cc-7fb1-8251-8b7868d96374"}
{"name":"worker","pid":221,"phase":"INSTALL_CUSTOM_TOOLS","buildId":"6d711126-4c0b-46e1-95b4-2c0c51b4efc4","level":30,"marker":"END_PHASE","result":"success","durationMs":678,"msg":"End phase: INSTALL_CUSTOM_TOOLS","time":"2026-10-08T02:00:21.874Z","v":0,"logId":"01a1193d-7a72-77a7-b4d7-1e52acc76344"}
{"name":"worker","pid":221,"phase":"PREPARE_PROJECT","buildId":"6d711126-4c0b-46e1-95b4-2c0c51b4efc4","level":30,"marker":"START_PHASE","msg":"Start phase: PREPARE_PROJECT","time":"2026-10-08T02:00:21.877Z","v":0,"logId":"01a1193d-7a75-7581-bdeb-6bd93133bcf3"}
{"name":"worker","pid":221,"phase":"PREPARE_PROJECT","buildId":"6d711126-4c0b-46e1-95b4-2c0c51b4efc4","level":30,"msg":"Normalizing project source permissions","time":"2026-10-08T02:00:24.003Z","v":0,"logId":"01a1193d-82c3-7116-b5ad-151e0bb6f355"}
{"name":"worker","pid":221,"phase":"PREPARE_PROJECT","buildId":"6d711126-4c0b-46e1-95b4-2c0c51b4efc4","level":30,"marker":"END_PHASE","result":"success","durationMs":2256,"msg":"End phase: PREPARE_PROJECT","time":"2026-10-08T02:00:24.136Z","v":0,"logId":"01a1193d-8349-7485-8fab-20ae16c46609"}
{"name":"worker","pid":221,"phase":"PRE_INSTALL_HOOK","buildId":"6d711126-4c0b-46e1-95b4-2c0c51b4efc4","level":30,"marker":"START_PHASE","msg":"Start phase: PRE_INSTALL_HOOK","time":"2026-10-08T02:00:24.137Z","v":0,"logId":"01a1193d-8349-7485-8fab-20afe12428b5"}
{"name":"worker","pid":221,"phase":"PRE_INSTALL_HOOK","buildId":"6d711126-4c0b-46e1-95b4-2c0c51b4efc4","level":30,"marker":"END_PHASE","result":"success","durationMs":0,"msg":"End phase: PRE_INSTALL_HOOK","time":"2026-10-08T02:00:24.138Z","v":0,"logId":"01a1193d-834a-70bc-8158-10b9cae30be6"}
{"name":"worker","pid":221,"phase":"READ_EAS_JSON","buildId":"6d711126-4c0b-46e1-95b4-2c0c51b4efc4","level":30,"marker":"START_PHASE","msg":"Start phase: READ_EAS_JSON","time":"2026-10-08T02:00:24.138Z","v":0,"logId":"01a1193d-834a-70bc-8158-10ba9ce4989a"}
{"name":"worker","pid":221,"phase":"READ_EAS_JSON","buildId":"6d711126-4c0b-46e1-95b4-2c0c51b4efc4","level":30,"msg":"Using eas.json:","time":"2026-10-08T02:00:24.138Z","v":0,"logId":"01a1193d-834a-70bc-8158-10bb76757224"}
{"name":"worker","pid":221,"phase":"READ_EAS_JSON","buildId":"6d711126-4c0b-46e1-95b4-2c0c51b4efc4","level":30,"msg":"{\n  \"cli\": {\n    \"version\": \">= 24.8.0\",\n    \"appVersionSource\": \"remote\"\n  },\n  \"build\": {\n    \"development\": {\n      \"developmentClient\": true,\n      \"distribution\": \"internal\"\n    },\n    \"preview\": {\n      \"distribution\": \"internal\"\n    },\n    \"production\": {\n      \"autoIncrement\": true\n    }\n  },\n  \"submit\": {\n    \"production\": {}\n  }\n}\n","time":"2026-10-08T02:00:24.138Z","v":0,"logId":"01a1193d-834a-70bc-8158-10bc982bd2d7"}
{"name":"worker","pid":221,"phase":"READ_EAS_JSON","buildId":"6d711126-4c0b-46e1-95b4-2c0c51b4efc4","level":30,"marker":"END_PHASE","result":"success","durationMs":0,"msg":"End phase: READ_EAS_JSON","time":"2026-10-08T02:00:24.141Z","v":0,"logId":"01a1193d-834d-73c8-94eb-3af5e6a839da"}
{"name":"worker","pid":221,"phase":"READ_PACKAGE_JSON","buildId":"6d711126-4c0b-46e1-95b4-2c0c51b4efc4","level":30,"marker":"START_PHASE","msg":"Start phase: READ_PACKAGE_JSON","time":"2026-10-08T02:00:24.141Z","v":0,"logId":"01a1193d-834d-73c8-94eb-3af61887c46e"}
{"name":"worker","pid":221,"phase":"READ_PACKAGE_JSON","buildId":"6d711126-4c0b-46e1-95b4-2c0c51b4efc4","level":30,"msg":"Using package.json:","time":"2026-10-08T02:00:24.142Z","v":0,"logId":"01a1193d-834e-70b3-ba9d-218b1032aa68"}
{"name":"worker","pid":221,"phase":"READ_PACKAGE_JSON","buildId":"6d711126-4c0b-46e1-95b4-2c0c51b4efc4","level":30,"msg":"{\n  \"name\": \"photosync\",\n  \"main\": \"expo-router/entry\",\n  \"version\": \"1.0.0\",\n  \"dependencies\": {\n    \"@expo/ui\": \"~57.0.20\",\n    \"@react-native-async-storage/async-storage\": \"2.2.0\",\n    \"@supabase/supabase-js\": \"^2.117.1\",\n    \"expo\": \"~57.0.25\",\n    \"expo-constants\": \"~57.0.19\",\n    \"expo-crypto\": \"~57.0.3\",\n    \"expo-dev-client\": \"~57.0.19\",\n    \"expo-device\": \"~57.0.2\",\n    \"expo-font\": \"~57.0.4\",\n    \"expo-glass-effect\": \"~57.0.4\",\n    \"expo-image\": \"~57.0.5\",\n    \"expo-image-picker\": \"~57.0.20\",\n    \"expo-linking\": \"~57.0.11\",\n    \"expo-notifications\": \"~57.0.21\",\n    \"expo-router\": \"~57.0.23\",\n    \"expo-splash-screen\": \"~57.0.9\",\n    \"expo-status-bar\": \"~57.0.1\",\n    \"expo-symbols\": \"~57.0.3\",\n    \"expo-system-ui\": \"~57.0.4\",\n    \"expo-web-browser\": \"~57.0.3\",\n    \"react\": \"19.2.3\",\n    \"react-dom\": \"19.2.3\",\n    \"react-native\": \"0.86.3\",\n    \"react-native-gesture-handler\": \"~2.32.0\",\n    \"react-native-nitro-google-signin\": \"^2.0.0\",\n    \"react-native-nitro-modules\": \"^0.37.0\",\n    \"react-native-reanimated\": \"4.5.1\",\n    \"react-native-safe-area-context\": \"~5.7.0\",\n    \"react-native-screens\": \"~4.26.0\",\n    \"react-native-svg\": \"15.15.4\",\n    \"react-native-url-polyfill\": \"^4.0.0\",\n    \"react-native-web\": \"~0.21.0\",\n    \"react-native-worklets\": \"0.10.1\"\n  },\n  \"devDependencies\": {\n    \"@types/react\": \"~19.2.2\",\n    \"eslint\": \"^9.0.0\",\n    \"eslint-config-expo\": \"~57.0.2\",\n    \"typescript\": \"~6.0.3\"\n  },\n  \"scripts\": {\n    \"postinstall\": \"node ./scripts/patch-expo-router-linking.cjs\",\n    \"start\": \"expo start\",\n    \"reset-project\": \"node ./scripts/reset-project.js\",\n    \"android\": \"expo run:android\",\n    \"ios\": \"expo run:ios\",\n    \"web\": \"expo start --web\",\n    \"lint\": \"expo lint\"\n  },\n  \"private\": true\n}","time":"2026-10-08T02:00:24.142Z","v":0,"logId":"01a1193d-834e-70b3-ba9d-218c476fbb1c"}
{"name":"worker","pid":221,"phase":"READ_PACKAGE_JSON","buildId":"6d711126-4c0b-46e1-95b4-2c0c51b4efc4","level":30,"marker":"END_PHASE","result":"success","durationMs":1,"msg":"End phase: READ_PACKAGE_JSON","time":"2026-10-08T02:00:24.143Z","v":0,"logId":"01a1193d-834f-713b-999d-adfd0314357a"}
{"name":"worker","pid":221,"phase":"INSTALL_DEPENDENCIES","buildId":"6d711126-4c0b-46e1-95b4-2c0c51b4efc4","level":30,"marker":"START_PHASE","msg":"Start phase: INSTALL_DEPENDENCIES","time":"2026-10-08T02:00:24.143Z","v":0,"logId":"01a1193d-834f-713b-999d-adfea4bc2065"}
{"name":"worker","pid":221,"phase":"INSTALL_DEPENDENCIES","buildId":"6d711126-4c0b-46e1-95b4-2c0c51b4efc4","level":30,"msg":"Running \"npm ci --include=dev\" in /home/expo/workingdir/build directory","time":"2026-10-08T02:00:24.144Z","v":0,"logId":"01a1193d-8350-7cbb-b636-c2d6a657a40d"}
{"name":"worker","pid":221,"phase":"INSTALL_DEPENDENCIES","buildId":"6d711126-4c0b-46e1-95b4-2c0c51b4efc4","source":"stderr","level":30,"msg":"npm warn deprecated uuid@7.0.3: uuid@10 and below is no longer supported.  For ESM codebases, update to uuid@latest.  For CommonJS codebases, use uuid@11 (but be aware this version will likely be deprecated in 2028).","time":"2026-10-08T02:00:28.332Z","v":0,"logId":"01a1193d-93ac-76b2-a1ab-197f5fb766bb"}
{"name":"worker","pid":221,"phase":"INSTALL_DEPENDENCIES","buildId":"6d711126-4c0b-46e1-95b4-2c0c51b4efc4","source":"stderr","level":30,"msg":"npm warn deprecated eslint@9.39.5: This version is no longer supported. Please see https://eslint.org/version-support for other options.","time":"2026-10-08T02:00:34.497Z","v":0,"logId":"01a1193d-abc1-7780-bc5f-e71f69e5b362"}
{"name":"worker","pid":221,"phase":"INSTALL_DEPENDENCIES","buildId":"6d711126-4c0b-46e1-95b4-2c0c51b4efc4","source":"stdout","level":30,"msg":"> photosync@1.0.0 postinstall","time":"2026-10-08T02:00:40.274Z","v":0,"logId":"01a1193d-c252-7151-8279-463e2c2de0d4"}
{"name":"worker","pid":221,"phase":"INSTALL_DEPENDENCIES","buildId":"6d711126-4c0b-46e1-95b4-2c0c51b4efc4","source":"stdout","level":30,"msg":"> node ./scripts/patch-expo-router-linking.cjs","time":"2026-10-08T02:00:40.276Z","v":0,"logId":"01a1193d-c254-74d2-bf0e-fbb9ee0976cf"}
{"name":"worker","pid":221,"phase":"INSTALL_DEPENDENCIES","buildId":"6d711126-4c0b-46e1-95b4-2c0c51b4efc4","source":"stdout","level":30,"msg":"Expo Router 57.0.23: initial linking lifecycle guard applied.","time":"2026-10-08T02:00:40.308Z","v":0,"logId":"01a1193d-c274-7218-84c7-36013db69716"}
{"name":"worker","pid":221,"phase":"INSTALL_DEPENDENCIES","buildId":"6d711126-4c0b-46e1-95b4-2c0c51b4efc4","source":"stdout","level":30,"msg":"added 879 packages, and audited 880 packages in 16s","time":"2026-10-08T02:00:40.324Z","v":0,"logId":"01a1193d-c284-7f28-8fa6-13a3027f2ab5"}
{"name":"worker","pid":221,"phase":"INSTALL_DEPENDENCIES","buildId":"6d711126-4c0b-46e1-95b4-2c0c51b4efc4","source":"stdout","level":30,"msg":"173 packages are looking for funding","time":"2026-10-08T02:00:40.324Z","v":0,"logId":"01a1193d-c284-7f28-8fa6-13a4921b7f79"}
{"name":"worker","pid":221,"phase":"INSTALL_DEPENDENCIES","buildId":"6d711126-4c0b-46e1-95b4-2c0c51b4efc4","source":"stdout","level":30,"msg":"  run `npm fund` for details","time":"2026-10-08T02:00:40.324Z","v":0,"logId":"01a1193d-c284-7f28-8fa6-13a521e4ba63"}
{"name":"worker","pid":221,"phase":"INSTALL_DEPENDENCIES","buildId":"6d711126-4c0b-46e1-95b4-2c0c51b4efc4","source":"stdout","level":30,"msg":"33 vulnerabilities (11 moderate, 21 high, 1 critical)","time":"2026-10-08T02:00:40.426Z","v":0,"logId":"01a1193d-c2ea-7b74-815d-033c3e6901c2"}
{"name":"worker","pid":221,"phase":"INSTALL_DEPENDENCIES","buildId":"6d711126-4c0b-46e1-95b4-2c0c51b4efc4","source":"stdout","level":30,"msg":"","time":"2026-10-08T02:00:40.427Z","v":0,"logId":"01a1193d-c2eb-7a0d-aff1-171d1b9d3bdb"}
{"name":"worker","pid":221,"phase":"INSTALL_DEPENDENCIES","buildId":"6d711126-4c0b-46e1-95b4-2c0c51b4efc4","source":"stdout","level":30,"msg":"To address issues that do not require attention, run:","time":"2026-10-08T02:00:40.427Z","v":0,"logId":"01a1193d-c2eb-7a0d-aff1-171eef771ea4"}
{"name":"worker","pid":221,"phase":"INSTALL_DEPENDENCIES","buildId":"6d711126-4c0b-46e1-95b4-2c0c51b4efc4","source":"stdout","level":30,"msg":"  npm audit fix","time":"2026-10-08T02:00:40.427Z","v":0,"logId":"01a1193d-c2eb-7a0d-aff1-171fba2d3d68"}
{"name":"worker","pid":221,"phase":"INSTALL_DEPENDENCIES","buildId":"6d711126-4c0b-46e1-95b4-2c0c51b4efc4","source":"stdout","level":30,"msg":"","time":"2026-10-08T02:00:40.427Z","v":0,"logId":"01a1193d-c2eb-7a0d-aff1-1720d933c5b0"}
{"name":"worker","pid":221,"phase":"INSTALL_DEPENDENCIES","buildId":"6d711126-4c0b-46e1-95b4-2c0c51b4efc4","source":"stdout","level":30,"msg":"To address all issues possible (including breaking changes), run:","time":"2026-10-08T02:00:40.427Z","v":0,"logId":"01a1193d-c2eb-7a0d-aff1-172108450396"}
{"name":"worker","pid":221,"phase":"INSTALL_DEPENDENCIES","buildId":"6d711126-4c0b-46e1-95b4-2c0c51b4efc4","source":"stdout","level":30,"msg":"  npm audit fix --force","time":"2026-10-08T02:00:40.427Z","v":0,"logId":"01a1193d-c2eb-7a0d-aff1-17221193c2c3"}
{"name":"worker","pid":221,"phase":"INSTALL_DEPENDENCIES","buildId":"6d711126-4c0b-46e1-95b4-2c0c51b4efc4","source":"stdout","level":30,"msg":"","time":"2026-10-08T02:00:40.427Z","v":0,"logId":"01a1193d-c2eb-7a0d-aff1-17231df7a365"}
{"name":"worker","pid":221,"phase":"INSTALL_DEPENDENCIES","buildId":"6d711126-4c0b-46e1-95b4-2c0c51b4efc4","source":"stdout","level":30,"msg":"Some issues need review, and may require choosing","time":"2026-10-08T02:00:40.427Z","v":0,"logId":"01a1193d-c2eb-7a0d-aff1-17245669af46"}
{"name":"worker","pid":221,"phase":"INSTALL_DEPENDENCIES","buildId":"6d711126-4c0b-46e1-95b4-2c0c51b4efc4","source":"stdout","level":30,"msg":"a different dependency.","time":"2026-10-08T02:00:40.427Z","v":0,"logId":"01a1193d-c2eb-7a0d-aff1-1725743960f0"}
{"name":"worker","pid":221,"phase":"INSTALL_DEPENDENCIES","buildId":"6d711126-4c0b-46e1-95b4-2c0c51b4efc4","source":"stdout","level":30,"msg":"","time":"2026-10-08T02:00:40.428Z","v":0,"logId":"01a1193d-c2ec-763c-98d5-8df949b90336"}
{"name":"worker","pid":221,"phase":"INSTALL_DEPENDENCIES","buildId":"6d711126-4c0b-46e1-95b4-2c0c51b4efc4","source":"stdout","level":30,"msg":"Run `npm audit` for details.","time":"2026-10-08T02:00:40.428Z","v":0,"logId":"01a1193d-c2ec-763c-98d5-8dfa8eb4dfa4"}
{"name":"worker","pid":221,"phase":"INSTALL_DEPENDENCIES","buildId":"6d711126-4c0b-46e1-95b4-2c0c51b4efc4","level":30,"marker":"END_PHASE","result":"success","durationMs":16330,"msg":"End phase: INSTALL_DEPENDENCIES","time":"2026-10-08T02:00:40.474Z","v":0,"logId":"01a1193d-c31b-798f-886f-a36d26847fb8"}
{"name":"worker","pid":221,"phase":"READ_APP_CONFIG","buildId":"6d711126-4c0b-46e1-95b4-2c0c51b4efc4","level":30,"marker":"START_PHASE","msg":"Start phase: READ_APP_CONFIG","time":"2026-10-08T02:00:40.475Z","v":0,"logId":"01a1193d-c31b-798f-886f-a36e96f9cd4b"}
{"name":"worker","pid":221,"phase":"READ_APP_CONFIG","buildId":"6d711126-4c0b-46e1-95b4-2c0c51b4efc4","level":30,"msg":"Using app configuration:","time":"2026-10-08T02:00:41.490Z","v":0,"logId":"01a1193d-c712-7293-8b7d-4508da0e6214"}
{"name":"worker","pid":221,"phase":"READ_APP_CONFIG","buildId":"6d711126-4c0b-46e1-95b4-2c0c51b4efc4","level":30,"msg":"{\n  \"name\": \"PhotoSync\",\n  \"slug\": \"PhotoSync\",\n  \"version\": \"1.0.0\",\n  \"orientation\": \"portrait\",\n  \"icon\": \"./assets/images/photosync-app-icon.png\",\n  \"scheme\": \"photosync\",\n  \"userInterfaceStyle\": \"automatic\",\n  \"ios\": {\n    \"icon\": \"./assets/images/photosync-app-icon.png\"\n  },\n  \"android\": {\n    \"adaptiveIcon\": {\n      \"backgroundColor\": \"#F3EEEE\",\n      \"foregroundImage\": \"./assets/images/photosync-adaptive-icon-foreground.png\",\n      \"backgroundImage\": \"./assets/images/photosync-adaptive-icon-background.png\",\n      \"monochromeImage\": \"./assets/images/photosync-adaptive-icon-foreground.png\"\n    },\n    \"predictiveBackGestureEnabled\": false,\n    \"permissions\": [\n      \"android.permission.RECORD_AUDIO\"\n    ],\n    \"googleServicesFile\": \"./google-services.json\",\n    \"package\": \"com.kirl123.PhotoSync\"\n  },\n  \"web\": {\n    \"output\": \"static\",\n    \"favicon\": \"./assets/images/photosync-favicon.png\"\n  },\n  \"plugins\": [\n    \"expo-router\",\n    [\n      \"expo-notifications\",\n      {\n        \"color\": \"#1D3E69\",\n        \"defaultChannel\": \"photosync-bookings\"\n      }\n    ],\n    [\n      \"expo-image-picker\",\n      {\n        \"photosPermission\": \"Allow PhotoSync to choose service and package images from your gallery.\"\n      }\n    ],\n    [\n      \"expo-splash-screen\",\n      {\n        \"backgroundColor\": \"#F3EEEE\",\n        \"image\": \"./assets/images/photosync-logo.png\",\n        \"imageWidth\": 132\n      }\n    ],\n    \"react-native-nitro-google-signin\"\n  ],\n  \"experiments\": {\n    \"typedRoutes\": true,\n    \"reactCompiler\": true\n  },\n  \"extra\": {\n    \"router\": {},\n    \"eas\": {\n      \"projectId\": \"5215d237-41b0-4947-a79f-e537bb73f7a2\"\n    }\n  },\n  \"sdkVersion\": \"57.0.0\",\n  \"platforms\": [\n    \"ios\",\n    \"android\",\n    \"web\"\n  ]\n}","time":"2026-10-08T02:00:41.491Z","v":0,"logId":"01a1193d-c713-7c75-87ec-e1d91d92de02"}
{"name":"worker","pid":221,"phase":"READ_APP_CONFIG","buildId":"6d711126-4c0b-46e1-95b4-2c0c51b4efc4","level":30,"marker":"END_PHASE","result":"success","durationMs":1016,"msg":"End phase: READ_APP_CONFIG","time":"2026-10-08T02:00:41.491Z","v":0,"logId":"01a1193d-c713-7c75-87ec-e1da8d7be908"}
{"name":"worker","pid":221,"phase":"RUN_EXPO_DOCTOR","buildId":"6d711126-4c0b-46e1-95b4-2c0c51b4efc4","level":30,"marker":"START_PHASE","msg":"Start phase: RUN_EXPO_DOCTOR","time":"2026-10-08T02:00:41.492Z","v":0,"logId":"01a1193d-c714-76b6-8e2a-b51db9257846"}
{"name":"worker","pid":221,"phase":"RUN_EXPO_DOCTOR","buildId":"6d711126-4c0b-46e1-95b4-2c0c51b4efc4","level":30,"msg":"Running \"expo doctor\"","time":"2026-10-08T02:00:41.492Z","v":0,"logId":"01a1193d-c714-76b6-8e2a-b51e929d08e3"}
{"name":"worker","pid":221,"phase":"RUN_EXPO_DOCTOR","buildId":"6d711126-4c0b-46e1-95b4-2c0c51b4efc4","source":"stdout","level":30,"msg":"Running 21 checks on your project...","time":"2026-10-08T02:00:42.882Z","v":0,"logId":"01a1193d-cc82-745d-ac5f-ab7493f03db9"}
{"name":"worker","pid":221,"phase":"RUN_EXPO_DOCTOR","buildId":"6d711126-4c0b-46e1-95b4-2c0c51b4efc4","source":"stdout","level":30,"msg":"20/21 checks passed. 1 checks failed. Possible issues detected:","time":"2026-10-08T02:00:45.279Z","v":0,"logId":"01a1193d-d5df-7efe-bb48-d5be691c0e9f"}
{"name":"worker","pid":221,"phase":"RUN_EXPO_DOCTOR","buildId":"6d711126-4c0b-46e1-95b4-2c0c51b4efc4","source":"stdout","level":30,"msg":"Use the --verbose flag to see more details about passed checks.","time":"2026-10-08T02:00:45.280Z","v":0,"logId":"01a1193d-d5e0-7291-beb3-2fed5b54a5d0"}
{"name":"worker","pid":221,"phase":"RUN_EXPO_DOCTOR","buildId":"6d711126-4c0b-46e1-95b4-2c0c51b4efc4","source":"stdout","level":30,"msg":"","time":"2026-10-08T02:00:45.280Z","v":0,"logId":"01a1193d-d5e0-7291-beb3-2fee48047660"}
{"name":"worker","pid":221,"phase":"RUN_EXPO_DOCTOR","buildId":"6d711126-4c0b-46e1-95b4-2c0c51b4efc4","source":"stdout","level":30,"msg":"✖ Check that packages match versions required by installed Expo SDK","time":"2026-10-08T02:00:45.280Z","v":0,"logId":"01a1193d-d5e0-7291-beb3-2fef0dcf82f2"}
{"name":"worker","pid":221,"phase":"RUN_EXPO_DOCTOR","buildId":"6d711126-4c0b-46e1-95b4-2c0c51b4efc4","source":"stdout","level":30,"msg":"","time":"2026-10-08T02:00:45.280Z","v":0,"logId":"01a1193d-d5e0-7291-beb3-2ff0ac0c181e"}
{"name":"worker","pid":221,"phase":"RUN_EXPO_DOCTOR","buildId":"6d711126-4c0b-46e1-95b4-2c0c51b4efc4","source":"stdout","level":30,"msg":"🔧 Patch version mismatches","time":"2026-10-08T02:00:45.281Z","v":0,"logId":"01a1193d-d5e1-7250-8674-f612cdb15217"}
{"name":"worker","pid":221,"phase":"RUN_EXPO_DOCTOR","buildId":"6d711126-4c0b-46e1-95b4-2c0c51b4efc4","source":"stdout","level":30,"msg":"package             expected  found    ","time":"2026-10-08T02:00:45.281Z","v":0,"logId":"01a1193d-d5e1-7250-8674-f6138ef48818"}
{"name":"worker","pid":221,"phase":"RUN_EXPO_DOCTOR","buildId":"6d711126-4c0b-46e1-95b4-2c0c51b4efc4","source":"stdout","level":30,"msg":"@expo/ui            ~57.0.22  57.0.20  ","time":"2026-10-08T02:00:45.281Z","v":0,"logId":"01a1193d-d5e1-7250-8674-f614cb238e59"}
{"name":"worker","pid":221,"phase":"RUN_EXPO_DOCTOR","buildId":"6d711126-4c0b-46e1-95b4-2c0c51b4efc4","source":"stdout","level":30,"msg":"expo                ~57.0.27  57.0.25  ","time":"2026-10-08T02:00:45.281Z","v":0,"logId":"01a1193d-d5e1-7250-8674-f6156fe23fd0"}
{"name":"worker","pid":221,"phase":"RUN_EXPO_DOCTOR","buildId":"6d711126-4c0b-46e1-95b4-2c0c51b4efc4","source":"stdout","level":30,"msg":"expo-constants      ~57.0.21  57.0.19  ","time":"2026-10-08T02:00:45.281Z","v":0,"logId":"01a1193d-d5e1-7250-8674-f616a24f0dbb"}
{"name":"worker","pid":221,"phase":"RUN_EXPO_DOCTOR","buildId":"6d711126-4c0b-46e1-95b4-2c0c51b4efc4","source":"stdout","level":30,"msg":"expo-linking        ~57.0.12  57.0.11  ","time":"2026-10-08T02:00:45.281Z","v":0,"logId":"01a1193d-d5e1-7250-8674-f61727f0b750"}
{"name":"worker","pid":221,"phase":"RUN_EXPO_DOCTOR","buildId":"6d711126-4c0b-46e1-95b4-2c0c51b4efc4","source":"stdout","level":30,"msg":"expo-notifications  ~57.0.22  57.0.21  ","time":"2026-10-08T02:00:45.281Z","v":0,"logId":"01a1193d-d5e1-7250-8674-f6185af2588b"}
{"name":"worker","pid":221,"phase":"RUN_EXPO_DOCTOR","buildId":"6d711126-4c0b-46e1-95b4-2c0c51b4efc4","source":"stdout","level":30,"msg":"expo-router         ~57.0.25  57.0.23  ","time":"2026-10-08T02:00:45.281Z","v":0,"logId":"01a1193d-d5e1-7250-8674-f61986a42612"}
{"name":"worker","pid":221,"phase":"RUN_EXPO_DOCTOR","buildId":"6d711126-4c0b-46e1-95b4-2c0c51b4efc4","source":"stdout","level":30,"msg":"","time":"2026-10-08T02:00:45.281Z","v":0,"logId":"01a1193d-d5e1-7250-8674-f61acaa2673d"}
{"name":"worker","pid":221,"phase":"RUN_EXPO_DOCTOR","buildId":"6d711126-4c0b-46e1-95b4-2c0c51b4efc4","source":"stdout","level":30,"msg":"Changelogs:","time":"2026-10-08T02:00:45.281Z","v":0,"logId":"01a1193d-d5e1-7250-8674-f61b7262db51"}
{"name":"worker","pid":221,"phase":"RUN_EXPO_DOCTOR","buildId":"6d711126-4c0b-46e1-95b4-2c0c51b4efc4","source":"stdout","level":30,"msg":"- expo-constants → https://github.com/expo/expo/blob/sdk-57/packages/expo-constants/CHANGELOG.md","time":"2026-10-08T02:00:45.281Z","v":0,"logId":"01a1193d-d5e1-7250-8674-f61cf22d7d8c"}
{"name":"worker","pid":221,"phase":"RUN_EXPO_DOCTOR","buildId":"6d711126-4c0b-46e1-95b4-2c0c51b4efc4","source":"stdout","level":30,"msg":"- expo-linking → https://github.com/expo/expo/blob/sdk-57/packages/expo-linking/CHANGELOG.md","time":"2026-10-08T02:00:45.281Z","v":0,"logId":"01a1193d-d5e1-7250-8674-f61d0e645aed"}
{"name":"worker","pid":221,"phase":"RUN_EXPO_DOCTOR","buildId":"6d711126-4c0b-46e1-95b4-2c0c51b4efc4","source":"stdout","level":30,"msg":"- expo-notifications → https://github.com/expo/expo/blob/sdk-57/packages/expo-notifications/CHANGELOG.md","time":"2026-10-08T02:00:45.281Z","v":0,"logId":"01a1193d-d5e1-7250-8674-f61e0202b33c"}
{"name":"worker","pid":221,"phase":"RUN_EXPO_DOCTOR","buildId":"6d711126-4c0b-46e1-95b4-2c0c51b4efc4","source":"stdout","level":30,"msg":"- expo-router → https://github.com/expo/expo/blob/sdk-57/packages/expo-router/CHANGELOG.md","time":"2026-10-08T02:00:45.281Z","v":0,"logId":"01a1193d-d5e1-7250-8674-f61f19a8fa07"}
{"name":"worker","pid":221,"phase":"RUN_EXPO_DOCTOR","buildId":"6d711126-4c0b-46e1-95b4-2c0c51b4efc4","source":"stdout","level":30,"msg":"","time":"2026-10-08T02:00:45.281Z","v":0,"logId":"01a1193d-d5e1-7250-8674-f6205dc798f5"}
{"name":"worker","pid":221,"phase":"RUN_EXPO_DOCTOR","buildId":"6d711126-4c0b-46e1-95b4-2c0c51b4efc4","source":"stdout","level":30,"msg":"6 packages out of date.","time":"2026-10-08T02:00:45.281Z","v":0,"logId":"01a1193d-d5e1-7250-8674-f6210590468b"}
{"name":"worker","pid":221,"phase":"RUN_EXPO_DOCTOR","buildId":"6d711126-4c0b-46e1-95b4-2c0c51b4efc4","source":"stdout","level":30,"msg":"Advice:","time":"2026-10-08T02:00:45.281Z","v":0,"logId":"01a1193d-d5e1-7250-8674-f6220f216a4a"}
{"name":"worker","pid":221,"phase":"RUN_EXPO_DOCTOR","buildId":"6d711126-4c0b-46e1-95b4-2c0c51b4efc4","source":"stdout","level":30,"msg":"Use 'npx expo install --check' to review and upgrade your dependencies.","time":"2026-10-08T02:00:45.281Z","v":0,"logId":"01a1193d-d5e1-7250-8674-f62318015aa9"}
{"name":"worker","pid":221,"phase":"RUN_EXPO_DOCTOR","buildId":"6d711126-4c0b-46e1-95b4-2c0c51b4efc4","source":"stdout","level":30,"msg":"To ignore specific packages, add them to \"expo.install.exclude\" in package.json. Learn more: https://expo.fyi/dependency-validation","time":"2026-10-08T02:00:45.281Z","v":0,"logId":"01a1193d-d5e1-7250-8674-f6240ef7942e"}
{"name":"worker","pid":221,"phase":"RUN_EXPO_DOCTOR","buildId":"6d711126-4c0b-46e1-95b4-2c0c51b4efc4","source":"stderr","level":30,"msg":"1 check failed, indicating possible issues with the project.","time":"2026-10-08T02:00:45.281Z","v":0,"logId":"01a1193d-d5e1-7250-8674-f62565876791"}
{"name":"worker","pid":221,"phase":"RUN_EXPO_DOCTOR","buildId":"6d711126-4c0b-46e1-95b4-2c0c51b4efc4","level":50,"err":{"message":"npx -y expo-doctor exited with non-zero code: 1","name":"Error","stack":"Error: npx -y expo-doctor exited with non-zero code: 1\n    at ChildProcess.completionListener (/usr/local/eas-build-worker/node_modules/@expo/spawn-async/build/spawnAsync.js:42:23)\n    at Object.onceWrapper (node:events:634:26)\n    at ChildProcess.emit (node:events:519:28)\n    at ChildProcess.emit (node:domain:489:12)\n    at maybeClose (node:internal/child_process:1101:16)\n    at ChildProcess._handle.onexit (node:internal/child_process:304:5)\n    ...\n    at spawnAsync (/usr/local/eas-build-worker/node_modules/@expo/spawn-async/build/spawnAsync.js:7:23)\n    at spawn (/usr/local/eas-build-worker/packages/turtle-spawn/dist/index.js:16:47)\n    at runExpoDoctor (/usr/local/eas-build-worker/packages/build-tools/dist/common/setup.js:158:52)\n    at process.processTicksAndRejections (node:internal/process/task_queues:103:5)\n    at async /usr/local/eas-build-worker/packages/build-tools/dist/common/setup.js:137:17\n    at async BuildContext.runBuildPhase (/usr/local/eas-build-worker/packages/build-tools/dist/context.js:128:28)\n    at async setupAsync (/usr/local/eas-build-worker/packages/build-tools/dist/common/setup.js:135:9)\n    at async buildInnerAsync (/usr/local/eas-build-worker/packages/build-tools/dist/builders/android.js:56:5)\n    at async buildAsync (/usr/local/eas-build-worker/packages/build-tools/dist/builders/android.js:47:9)\n    at async runBuilderWithHooksAsync (/usr/local/eas-build-worker/packages/build-tools/dist/builders/common.js:13:13)","signal":null},"msg":"Command \"expo doctor\" failed.","time":"2026-10-08T02:00:45.303Z","v":0,"logId":"01a1193d-d5f7-7b5f-8d5b-d82778a0808c"}
{"name":"worker","pid":221,"phase":"RUN_EXPO_DOCTOR","buildId":"6d711126-4c0b-46e1-95b4-2c0c51b4efc4","level":30,"marker":"END_PHASE","result":"warning","durationMs":3811,"msg":"End phase: RUN_EXPO_DOCTOR","time":"2026-10-08T02:00:45.304Z","v":0,"logId":"01a1193d-d5f8-7bbc-af1a-7609fdca7f87"}
{"name":"worker","pid":221,"phase":"PREBUILD","buildId":"6d711126-4c0b-46e1-95b4-2c0c51b4efc4","level":30,"marker":"START_PHASE","msg":"Start phase: PREBUILD","time":"2026-10-08T02:00:45.304Z","v":0,"logId":"01a1193d-d5f8-7bbc-af1a-760a0d5b671e"}
{"name":"worker","pid":221,"phase":"PREBUILD","buildId":"6d711126-4c0b-46e1-95b4-2c0c51b4efc4","source":"stdout","level":30,"msg":"- Creating native directory (./android)","time":"2026-10-08T02:00:45.823Z","v":0,"logId":"01a1193d-d7ff-7166-a812-809a2d1d2917"}
{"name":"worker","pid":221,"phase":"PREBUILD","buildId":"6d711126-4c0b-46e1-95b4-2c0c51b4efc4","source":"stdout","level":30,"msg":"✔ Created native directory","time":"2026-10-08T02:00:46.184Z","v":0,"logId":"01a1193d-d968-788a-ad9b-293c18d9c88e"}
{"name":"worker","pid":221,"phase":"PREBUILD","buildId":"6d711126-4c0b-46e1-95b4-2c0c51b4efc4","source":"stdout","level":30,"msg":"- Updating package.json","time":"2026-10-08T02:00:46.185Z","v":0,"logId":"01a1193d-d969-7f68-8234-c3905f194723"}
{"name":"worker","pid":221,"phase":"PREBUILD","buildId":"6d711126-4c0b-46e1-95b4-2c0c51b4efc4","source":"stdout","level":30,"msg":"✔ Updated package.json | no changes","time":"2026-10-08T02:00:46.198Z","v":0,"logId":"01a1193d-d976-73d0-ab6c-640ab7ac6ecb"}
{"name":"worker","pid":221,"phase":"PREBUILD","buildId":"6d711126-4c0b-46e1-95b4-2c0c51b4efc4","source":"stdout","level":30,"msg":"- Running prebuild","time":"2026-10-08T02:00:46.198Z","v":0,"logId":"01a1193d-d976-73d0-ab6c-640b630f6605"}
{"name":"worker","pid":221,"phase":"PREBUILD","buildId":"6d711126-4c0b-46e1-95b4-2c0c51b4efc4","source":"stdout","level":30,"msg":"✔ Finished prebuild","time":"2026-10-08T02:00:47.823Z","v":0,"logId":"01a1193d-dfcf-7ad0-8fa4-de94e1afadf3"}
{"name":"worker","pid":221,"phase":"PREBUILD","buildId":"6d711126-4c0b-46e1-95b4-2c0c51b4efc4","level":30,"msg":"Running \"npm install --include=dev\" in /home/expo/workingdir/build directory","time":"2026-10-08T02:00:47.864Z","v":0,"logId":"01a1193d-dff8-73a8-9641-424915a521b7"}
{"name":"worker","pid":221,"phase":"PREBUILD","buildId":"6d711126-4c0b-46e1-95b4-2c0c51b4efc4","source":"stdout","level":30,"msg":"> photosync@1.0.0 postinstall","time":"2026-10-08T02:00:49.502Z","v":0,"logId":"01a1193d-e65e-7a0a-8e4d-b0d9ee094e90"}
{"name":"worker","pid":221,"phase":"PREBUILD","buildId":"6d711126-4c0b-46e1-95b4-2c0c51b4efc4","source":"stdout","level":30,"msg":"> node ./scripts/patch-expo-router-linking.cjs","time":"2026-10-08T02:00:49.502Z","v":0,"logId":"01a1193d-e65e-7a0a-8e4d-b0da9c2b556d"}
{"name":"worker","pid":221,"phase":"PREBUILD","buildId":"6d711126-4c0b-46e1-95b4-2c0c51b4efc4","source":"stdout","level":30,"msg":"Expo Router 57.0.23: initial linking lifecycle guard applied.","time":"2026-10-08T02:00:49.529Z","v":0,"logId":"01a1193d-e679-76a0-bc76-245e5a3bc267"}
{"name":"worker","pid":221,"phase":"PREBUILD","buildId":"6d711126-4c0b-46e1-95b4-2c0c51b4efc4","source":"stdout","level":30,"msg":"up to date, audited 880 packages in 2s","time":"2026-10-08T02:00:49.537Z","v":0,"logId":"01a1193d-e681-7e95-bc4c-273ec92592b6"}
{"name":"worker","pid":221,"phase":"PREBUILD","buildId":"6d711126-4c0b-46e1-95b4-2c0c51b4efc4","source":"stdout","level":30,"msg":"173 packages are looking for funding","time":"2026-10-08T02:00:49.537Z","v":0,"logId":"01a1193d-e681-7e95-bc4c-273fb8808de5"}
{"name":"worker","pid":221,"phase":"PREBUILD","buildId":"6d711126-4c0b-46e1-95b4-2c0c51b4efc4","source":"stdout","level":30,"msg":"  run `npm fund` for details","time":"2026-10-08T02:00:49.537Z","v":0,"logId":"01a1193d-e681-7e95-bc4c-2740c48e0db2"}
{"name":"worker","pid":221,"phase":"PREBUILD","buildId":"6d711126-4c0b-46e1-95b4-2c0c51b4efc4","source":"stdout","level":30,"msg":"33 vulnerabilities (11 moderate, 21 high, 1 critical)","time":"2026-10-08T02:00:49.644Z","v":0,"logId":"01a1193d-e6ec-74c1-8436-2e0e1bef8797"}
{"name":"worker","pid":221,"phase":"PREBUILD","buildId":"6d711126-4c0b-46e1-95b4-2c0c51b4efc4","source":"stdout","level":30,"msg":"","time":"2026-10-08T02:00:49.644Z","v":0,"logId":"01a1193d-e6ec-74c1-8436-2e0f14968bf5"}
{"name":"worker","pid":221,"phase":"PREBUILD","buildId":"6d711126-4c0b-46e1-95b4-2c0c51b4efc4","source":"stdout","level":30,"msg":"To address issues that do not require attention, run:","time":"2026-10-08T02:00:49.644Z","v":0,"logId":"01a1193d-e6ec-74c1-8436-2e105b9379a2"}
{"name":"worker","pid":221,"phase":"PREBUILD","buildId":"6d711126-4c0b-46e1-95b4-2c0c51b4efc4","source":"stdout","level":30,"msg":"  npm audit fix","time":"2026-10-08T02:00:49.645Z","v":0,"logId":"01a1193d-e6ed-736a-b0e6-3824120342ea"}
{"name":"worker","pid":221,"phase":"PREBUILD","buildId":"6d711126-4c0b-46e1-95b4-2c0c51b4efc4","source":"stdout","level":30,"msg":"","time":"2026-10-08T02:00:49.645Z","v":0,"logId":"01a1193d-e6ed-736a-b0e6-382514f8f77a"}
{"name":"worker","pid":221,"phase":"PREBUILD","buildId":"6d711126-4c0b-46e1-95b4-2c0c51b4efc4","source":"stdout","level":30,"msg":"To address all issues possible (including breaking changes), run:","time":"2026-10-08T02:00:49.645Z","v":0,"logId":"01a1193d-e6ed-736a-b0e6-382694f5db4c"}
{"name":"worker","pid":221,"phase":"PREBUILD","buildId":"6d711126-4c0b-46e1-95b4-2c0c51b4efc4","source":"stdout","level":30,"msg":"  npm audit fix --force","time":"2026-10-08T02:00:49.645Z","v":0,"logId":"01a1193d-e6ed-736a-b0e6-38277ef79b5f"}
{"name":"worker","pid":221,"phase":"PREBUILD","buildId":"6d711126-4c0b-46e1-95b4-2c0c51b4efc4","source":"stdout","level":30,"msg":"","time":"2026-10-08T02:00:49.645Z","v":0,"logId":"01a1193d-e6ed-736a-b0e6-382812d42bc9"}
{"name":"worker","pid":221,"phase":"PREBUILD","buildId":"6d711126-4c0b-46e1-95b4-2c0c51b4efc4","source":"stdout","level":30,"msg":"Some issues need review, and may require choosing","time":"2026-10-08T02:00:49.645Z","v":0,"logId":"01a1193d-e6ed-736a-b0e6-3829579c6ba7"}
{"name":"worker","pid":221,"phase":"PREBUILD","buildId":"6d711126-4c0b-46e1-95b4-2c0c51b4efc4","source":"stdout","level":30,"msg":"a different dependency.","time":"2026-10-08T02:00:49.645Z","v":0,"logId":"01a1193d-e6ed-736a-b0e6-382ae8b07856"}
{"name":"worker","pid":221,"phase":"PREBUILD","buildId":"6d711126-4c0b-46e1-95b4-2c0c51b4efc4","source":"stdout","level":30,"msg":"","time":"2026-10-08T02:00:49.645Z","v":0,"logId":"01a1193d-e6ed-736a-b0e6-382b045bfef0"}
{"name":"worker","pid":221,"phase":"PREBUILD","buildId":"6d711126-4c0b-46e1-95b4-2c0c51b4efc4","source":"stdout","level":30,"msg":"Run `npm audit` for details.","time":"2026-10-08T02:00:49.645Z","v":0,"logId":"01a1193d-e6ed-736a-b0e6-382ce6b16956"}
{"name":"worker","pid":221,"phase":"PREBUILD","buildId":"6d711126-4c0b-46e1-95b4-2c0c51b4efc4","level":30,"marker":"END_PHASE","result":"success","durationMs":4358,"msg":"End phase: PREBUILD","time":"2026-10-08T02:00:49.663Z","v":0,"logId":"01a1193d-e6ff-7aa3-9d56-443d533e45c4"}
{"name":"worker","pid":221,"phase":"RESTORE_CACHE","buildId":"6d711126-4c0b-46e1-95b4-2c0c51b4efc4","level":30,"marker":"START_PHASE","msg":"Start phase: RESTORE_CACHE","time":"2026-10-08T02:00:49.663Z","v":0,"logId":"01a1193d-e6ff-7aa3-9d56-443e9ffd7ee3"}
{"name":"worker","pid":221,"phase":"RESTORE_CACHE","buildId":"6d711126-4c0b-46e1-95b4-2c0c51b4efc4","level":30,"msg":"Restoring cache key: android-ccache-0d1ae206536f11fd8eba3e4a70c7e5e37222d037b1e64b24fe964cb48e56e2ef","time":"2026-10-08T02:00:49.735Z","v":0,"logId":"01a1193d-e747-7c68-97f9-5a93f39d37d6"}
{"name":"worker","pid":221,"phase":"RESTORE_CACHE","buildId":"6d711126-4c0b-46e1-95b4-2c0c51b4efc4","level":30,"msg":"Matched cache key: android-ccache-0d1ae206536f11fd8eba3e4a70c7e5e37222d037b1e64b24fe964cb48e56e2ef. Downloading...","time":"2026-10-08T02:00:49.859Z","v":0,"logId":"01a1193d-e7c3-7f1b-b68b-ebff75fe7b68"}
{"name":"worker","pid":221,"phase":"RESTORE_CACHE","buildId":"6d711126-4c0b-46e1-95b4-2c0c51b4efc4","level":30,"msg":"Cache restored successfully (direct hit)","time":"2026-10-08T02:00:51.692Z","v":0,"logId":"01a1193d-eeec-71a4-a65e-8fa865a5e253"}
{"name":"worker","pid":221,"phase":"RESTORE_CACHE","buildId":"6d711126-4c0b-46e1-95b4-2c0c51b4efc4","level":30,"marker":"END_PHASE","result":"success","durationMs":2030,"msg":"End phase: RESTORE_CACHE","time":"2026-10-08T02:00:51.694Z","v":0,"logId":"01a1193d-eeee-7c39-8a46-dbd0bc32c3c5"}
{"name":"worker","pid":221,"phase":"POST_INSTALL_HOOK","buildId":"6d711126-4c0b-46e1-95b4-2c0c51b4efc4","level":30,"marker":"START_PHASE","msg":"Start phase: POST_INSTALL_HOOK","time":"2026-10-08T02:00:51.694Z","v":0,"logId":"01a1193d-eeee-7c39-8a46-dbd120c18b23"}
{"name":"worker","pid":221,"phase":"POST_INSTALL_HOOK","buildId":"6d711126-4c0b-46e1-95b4-2c0c51b4efc4","level":30,"marker":"END_PHASE","result":"success","durationMs":0,"msg":"End phase: POST_INSTALL_HOOK","time":"2026-10-08T02:00:51.697Z","v":0,"logId":"01a1193d-eef1-7565-ad7a-8376b06740ee"}
{"name":"worker","pid":221,"phase":"CALCULATE_EXPO_UPDATES_RUNTIME_VERSION","buildId":"6d711126-4c0b-46e1-95b4-2c0c51b4efc4","level":30,"marker":"START_PHASE","msg":"Start phase: CALCULATE_EXPO_UPDATES_RUNTIME_VERSION","time":"2026-10-08T02:00:51.697Z","v":0,"logId":"01a1193d-eef1-7565-ad7a-83779af4d685"}
{"name":"worker","pid":221,"phase":"CALCULATE_EXPO_UPDATES_RUNTIME_VERSION","buildId":"6d711126-4c0b-46e1-95b4-2c0c51b4efc4","level":30,"marker":"END_PHASE","result":"success","durationMs":1,"msg":"End phase: CALCULATE_EXPO_UPDATES_RUNTIME_VERSION","time":"2026-10-08T02:00:51.698Z","v":0,"logId":"01a1193d-eef2-7240-b675-3431195b13b2"}
{"name":"worker","pid":221,"phase":"PREPARE_CREDENTIALS","buildId":"6d711126-4c0b-46e1-95b4-2c0c51b4efc4","level":30,"marker":"START_PHASE","msg":"Start phase: PREPARE_CREDENTIALS","time":"2026-10-08T02:00:51.699Z","v":0,"logId":"01a1193d-eef3-702e-8acd-a76291fc2463"}
{"name":"worker","pid":221,"phase":"PREPARE_CREDENTIALS","buildId":"6d711126-4c0b-46e1-95b4-2c0c51b4efc4","level":30,"msg":"Writing secrets to the project's directory","time":"2026-10-08T02:00:51.699Z","v":0,"logId":"01a1193d-eef3-702e-8acd-a7634a04aa58"}
{"name":"worker","pid":221,"phase":"PREPARE_CREDENTIALS","buildId":"6d711126-4c0b-46e1-95b4-2c0c51b4efc4","level":30,"msg":"Injecting signing config into build.gradle","time":"2026-10-08T02:00:51.700Z","v":0,"logId":"01a1193d-eef4-734c-af1c-4b26b7cf91f1"}
{"name":"worker","pid":221,"phase":"PREPARE_CREDENTIALS","buildId":"6d711126-4c0b-46e1-95b4-2c0c51b4efc4","level":30,"msg":"Signing config injected","time":"2026-10-08T02:00:51.703Z","v":0,"logId":"01a1193d-eef7-7c24-bd4d-51ad349012f2"}
{"name":"worker","pid":221,"phase":"PREPARE_CREDENTIALS","buildId":"6d711126-4c0b-46e1-95b4-2c0c51b4efc4","level":30,"marker":"END_PHASE","result":"success","durationMs":4,"msg":"End phase: PREPARE_CREDENTIALS","time":"2026-10-08T02:00:51.704Z","v":0,"logId":"01a1193d-eef8-7708-bab3-9571acd76bcc"}
{"name":"worker","pid":221,"phase":"CONFIGURE_ANDROID_VERSION","buildId":"6d711126-4c0b-46e1-95b4-2c0c51b4efc4","level":30,"marker":"START_PHASE","msg":"Start phase: CONFIGURE_ANDROID_VERSION","time":"2026-10-08T02:00:51.704Z","v":0,"logId":"01a1193d-eef8-7708-bab3-9572d6fac094"}
{"name":"worker","pid":221,"phase":"CONFIGURE_ANDROID_VERSION","buildId":"6d711126-4c0b-46e1-95b4-2c0c51b4efc4","level":30,"msg":"Injecting version config into build.gradle","time":"2026-10-08T02:00:51.704Z","v":0,"logId":"01a1193d-eef8-7708-bab3-957341401403"}
{"name":"worker","pid":221,"phase":"CONFIGURE_ANDROID_VERSION","buildId":"6d711126-4c0b-46e1-95b4-2c0c51b4efc4","level":30,"msg":"Version code: 1","time":"2026-10-08T02:00:51.704Z","v":0,"logId":"01a1193d-eef8-7708-bab3-9574c4bc93e7"}
{"name":"worker","pid":221,"phase":"CONFIGURE_ANDROID_VERSION","buildId":"6d711126-4c0b-46e1-95b4-2c0c51b4efc4","level":30,"msg":"Version config injected","time":"2026-10-08T02:00:51.706Z","v":0,"logId":"01a1193d-eefa-7db0-8f7f-b323ca814859"}
{"name":"worker","pid":221,"phase":"CONFIGURE_ANDROID_VERSION","buildId":"6d711126-4c0b-46e1-95b4-2c0c51b4efc4","level":30,"marker":"END_PHASE","result":"success","durationMs":2,"msg":"End phase: CONFIGURE_ANDROID_VERSION","time":"2026-10-08T02:00:51.707Z","v":0,"logId":"01a1193d-eefb-72b8-9ad8-56d306245243"}
{"name":"worker","pid":221,"phase":"CONFIGURE_EXPO_UPDATES","buildId":"6d711126-4c0b-46e1-95b4-2c0c51b4efc4","level":30,"marker":"START_PHASE","msg":"Start phase: CONFIGURE_EXPO_UPDATES","time":"2026-10-08T02:00:51.707Z","v":0,"logId":"01a1193d-eefb-72b8-9ad8-56d438a0f84b"}
{"name":"worker","pid":221,"phase":"CONFIGURE_EXPO_UPDATES","buildId":"6d711126-4c0b-46e1-95b4-2c0c51b4efc4","level":30,"marker":"END_PHASE","result":"success","durationMs":0,"msg":"End phase: CONFIGURE_EXPO_UPDATES","time":"2026-10-08T02:00:51.708Z","v":0,"logId":"01a1193d-eefc-7e04-b12c-35af228008f4"}
{"name":"worker","pid":221,"phase":"EAGER_BUNDLE","buildId":"6d711126-4c0b-46e1-95b4-2c0c51b4efc4","level":30,"marker":"START_PHASE","msg":"Start phase: EAGER_BUNDLE","time":"2026-10-08T02:00:51.709Z","v":0,"logId":"01a1193d-eefd-7c18-8aad-d056112e1716"}
{"name":"worker","pid":221,"phase":"EAGER_BUNDLE","buildId":"6d711126-4c0b-46e1-95b4-2c0c51b4efc4","source":"stdout","level":30,"msg":"Using src/app as the root directory for Expo Router.","time":"2026-10-08T02:00:52.297Z","v":0,"logId":"01a1193d-f14a-776a-82aa-747505bac56f"}
{"name":"worker","pid":221,"phase":"EAGER_BUNDLE","buildId":"6d711126-4c0b-46e1-95b4-2c0c51b4efc4","source":"stdout","level":30,"msg":"React Compiler enabled","time":"2026-10-08T02:00:52.500Z","v":0,"logId":"01a1193d-f214-7cd2-b56f-c2d30d5df5f8"}
{"name":"worker","pid":221,"phase":"EAGER_BUNDLE","buildId":"6d711126-4c0b-46e1-95b4-2c0c51b4efc4","source":"stdout","level":30,"msg":"Starting Metro Bundler","time":"2026-10-08T02:00:52.585Z","v":0,"logId":"01a1193d-f269-7325-959b-8fe56cab6ea3"}
{"name":"worker","pid":221,"phase":"EAGER_BUNDLE","buildId":"6d711126-4c0b-46e1-95b4-2c0c51b4efc4","source":"stdout","level":30,"msg":"Android Bundled 19437ms node_modules/expo-router/entry.js (2046 modules)","time":"2026-10-08T02:01:12.276Z","v":0,"logId":"01a1193e-3f54-7838-8305-af9898ce82af"}
{"name":"worker","pid":221,"phase":"EAGER_BUNDLE","buildId":"6d711126-4c0b-46e1-95b4-2c0c51b4efc4","source":"stdout","level":30,"msg":"Writing bundle output to: /tmp/k84eu1sajbc/index.js","time":"2026-10-08T02:01:12.278Z","v":0,"logId":"01a1193e-3f56-7c2b-8375-d5558f9a57d5"}
{"name":"worker","pid":221,"phase":"EAGER_BUNDLE","buildId":"6d711126-4c0b-46e1-95b4-2c0c51b4efc4","source":"stdout","level":30,"msg":"Copying 90 asset files","time":"2026-10-08T02:01:12.305Z","v":0,"logId":"01a1193e-3f71-7574-b5ac-cd13ce34b509"}
{"name":"worker","pid":221,"phase":"EAGER_BUNDLE","buildId":"6d711126-4c0b-46e1-95b4-2c0c51b4efc4","source":"stdout","level":30,"msg":"Done writing bundle output","time":"2026-10-08T02:01:12.313Z","v":0,"logId":"01a1193e-3f79-777c-90e3-885d791f3d42"}
{"name":"worker","pid":221,"phase":"EAGER_BUNDLE","buildId":"6d711126-4c0b-46e1-95b4-2c0c51b4efc4","level":30,"marker":"END_PHASE","result":"success","durationMs":20804,"msg":"End phase: EAGER_BUNDLE","time":"2026-10-08T02:01:12.514Z","v":0,"logId":"01a1193e-4042-7b04-9c62-dfa83c4ceaea"}
{"name":"worker","pid":221,"phase":"RUN_GRADLEW","buildId":"6d711126-4c0b-46e1-95b4-2c0c51b4efc4","level":30,"marker":"START_PHASE","msg":"Start phase: RUN_GRADLEW","time":"2026-10-08T02:01:12.515Z","v":0,"logId":"01a1193e-4043-7c09-bf6d-1be759c443fb"}
{"name":"worker","pid":221,"phase":"RUN_GRADLEW","buildId":"6d711126-4c0b-46e1-95b4-2c0c51b4efc4","level":30,"msg":"Running 'gradlew :app:assembleRelease' in /home/expo/workingdir/build/android","time":"2026-10-08T02:01:12.515Z","v":0,"logId":"01a1193e-4043-7c09-bf6d-1be84cc4531e"}
{"name":"worker","pid":221,"phase":"RUN_GRADLEW","buildId":"6d711126-4c0b-46e1-95b4-2c0c51b4efc4","source":"stdout","level":30,"msg":"Welcome to Gradle 9.3.1!","time":"2026-10-08T02:01:13.738Z","v":0,"logId":"01a1193e-450a-7141-89b0-78c633b25f3d"}
{"name":"worker","pid":221,"phase":"RUN_GRADLEW","buildId":"6d711126-4c0b-46e1-95b4-2c0c51b4efc4","source":"stdout","level":30,"msg":"Here are the highlights of this release:","time":"2026-10-08T02:01:13.739Z","v":0,"logId":"01a1193e-450b-7adb-a7d6-40cfc96eace8"}
{"name":"worker","pid":221,"phase":"RUN_GRADLEW","buildId":"6d711126-4c0b-46e1-95b4-2c0c51b4efc4","source":"stdout","level":30,"msg":"- Test reporting improvements","time":"2026-10-08T02:01:13.739Z","v":0,"logId":"01a1193e-450b-7adb-a7d6-40d0793fc3e1"}
{"name":"worker","pid":221,"phase":"RUN_GRADLEW","buildId":"6d711126-4c0b-46e1-95b4-2c0c51b4efc4","source":"stdout","level":30,"msg":" - Error and warning improvements","time":"2026-10-08T02:01:13.739Z","v":0,"logId":"01a1193e-450b-7adb-a7d6-40d19ed22b5e"}
{"name":"worker","pid":221,"phase":"RUN_GRADLEW","buildId":"6d711126-4c0b-46e1-95b4-2c0c51b4efc4","source":"stdout","level":30,"msg":" - Build authoring improvements","time":"2026-10-08T02:01:13.739Z","v":0,"logId":"01a1193e-450b-7adb-a7d6-40d263ad62fb"}
{"name":"worker","pid":221,"phase":"RUN_GRADLEW","buildId":"6d711126-4c0b-46e1-95b4-2c0c51b4efc4","source":"stdout","level":30,"msg":"For more details see https://docs.gradle.org/9.3.1/release-notes.html","time":"2026-10-08T02:01:13.739Z","v":0,"logId":"01a1193e-450b-7adb-a7d6-40d32a6a15a7"}
{"name":"worker","pid":221,"phase":"RUN_GRADLEW","buildId":"6d711126-4c0b-46e1-95b4-2c0c51b4efc4","source":"stdout","level":30,"msg":"To honour the JVM settings for this build a single-use Daemon process will be forked. For more on this, please refer to https://docs.gradle.org/9.3.1/userguide/gradle_daemon.html#sec:disabling_the_daemon in the Gradle documentation.","time":"2026-10-08T02:01:13.937Z","v":0,"logId":"01a1193e-45d1-707a-ad77-54b15708ada7"}
{"name":"worker","pid":221,"phase":"RUN_GRADLEW","buildId":"6d711126-4c0b-46e1-95b4-2c0c51b4efc4","source":"stdout","level":30,"msg":"Daemon will be stopped at the end of the build","time":"2026-10-08T02:01:15.236Z","v":0,"logId":"01a1193e-4ae4-791a-ab53-827371fd84b0"}
{"name":"worker","pid":221,"phase":"RUN_GRADLEW","buildId":"6d711126-4c0b-46e1-95b4-2c0c51b4efc4","source":"stdout","level":30,"msg":"> Task :expo-gradle-plugin:expo-autolinking-plugin-shared:checkKotlinGradlePluginConfigurationErrors SKIPPED","time":"2026-10-08T02:01:56.438Z","v":0,"logId":"01a1193e-ebd6-70d0-bb52-094eadf11b02"}
{"name":"worker","pid":221,"phase":"RUN_GRADLEW","buildId":"6d711126-4c0b-46e1-95b4-2c0c51b4efc4","source":"stdout","level":30,"msg":"> Task :expo-gradle-plugin:expo-autolinking-settings-plugin:checkKotlinGradlePluginConfigurationErrors SKIPPED","time":"2026-10-08T02:01:56.440Z","v":0,"logId":"01a1193e-ebd8-73c4-ae82-0e553a518f70"}
{"name":"worker","pid":221,"phase":"RUN_GRADLEW","buildId":"6d711126-4c0b-46e1-95b4-2c0c51b4efc4","source":"stdout","level":30,"msg":"> Task :gradle-plugin:settings-plugin:checkKotlinGradlePluginConfigurationErrors SKIPPED","time":"2026-10-08T02:01:56.440Z","v":0,"logId":"01a1193e-ebd8-73c4-ae82-0e5640ccfd3f"}
{"name":"worker","pid":221,"phase":"RUN_GRADLEW","buildId":"6d711126-4c0b-46e1-95b4-2c0c51b4efc4","source":"stdout","level":30,"msg":"> Task :gradle-plugin:shared:checkKotlinGradlePluginConfigurationErrors SKIPPED","time":"2026-10-08T02:01:56.440Z","v":0,"logId":"01a1193e-ebd8-73c4-ae82-0e579b5d335c"}
{"name":"worker","pid":221,"phase":"RUN_GRADLEW","buildId":"6d711126-4c0b-46e1-95b4-2c0c51b4efc4","source":"stdout","level":30,"msg":"> Task :gradle-plugin:settings-plugin:pluginDescriptors","time":"2026-10-08T02:01:56.537Z","v":0,"logId":"01a1193e-ec39-71f9-aec2-c358a17044b6"}
{"name":"worker","pid":221,"phase":"RUN_GRADLEW","buildId":"6d711126-4c0b-46e1-95b4-2c0c51b4efc4","source":"stdout","level":30,"msg":"> Task :expo-gradle-plugin:expo-autolinking-settings-plugin:pluginDescriptors","time":"2026-10-08T02:01:56.538Z","v":0,"logId":"01a1193e-ec3a-75fa-aca5-46346b4cd4c4"}
{"name":"worker","pid":221,"phase":"RUN_GRADLEW","buildId":"6d711126-4c0b-46e1-95b4-2c0c51b4efc4","source":"stdout","level":30,"msg":"> Task :gradle-plugin:settings-plugin:processResources","time":"2026-10-08T02:01:56.538Z","v":0,"logId":"01a1193e-ec3a-75fa-aca5-4635a37a45a2"}
{"name":"worker","pid":221,"phase":"RUN_GRADLEW","buildId":"6d711126-4c0b-46e1-95b4-2c0c51b4efc4","source":"stdout","level":30,"msg":"> Task :expo-gradle-plugin:expo-autolinking-settings-plugin:processResources","time":"2026-10-08T02:01:56.538Z","v":0,"logId":"01a1193e-ec3a-75fa-aca5-463691ce1920"}
{"name":"worker","pid":221,"phase":"RUN_GRADLEW","buildId":"6d711126-4c0b-46e1-95b4-2c0c51b4efc4","source":"stdout","level":30,"msg":"> Task :expo-gradle-plugin:expo-autolinking-plugin-shared:processResources NO-SOURCE","time":"2026-10-08T02:02:00.936Z","v":0,"logId":"01a1193e-fd68-76ab-a345-343a527d8986"}
{"name":"worker","pid":221,"phase":"RUN_GRADLEW","buildId":"6d711126-4c0b-46e1-95b4-2c0c51b4efc4","source":"stdout","level":30,"msg":"> Task :gradle-plugin:shared:processResources NO-SOURCE","time":"2026-10-08T02:02:01.138Z","v":0,"logId":"01a1193e-fe32-71f4-8675-5d9ba12b026d"}
{"name":"worker","pid":221,"phase":"RUN_GRADLEW","buildId":"6d711126-4c0b-46e1-95b4-2c0c51b4efc4","source":"stdout","level":30,"msg":"> Task :gradle-plugin:shared:compileKotlin","time":"2026-10-08T02:02:06.936Z","v":0,"logId":"01a1193f-14d8-7438-ab62-ee068ea8bfd5"}
{"name":"worker","pid":221,"phase":"RUN_GRADLEW","buildId":"6d711126-4c0b-46e1-95b4-2c0c51b4efc4","source":"stdout","level":30,"msg":"> Task :gradle-plugin:shared:compileJava NO-SOURCE","time":"2026-10-08T02:02:06.938Z","v":0,"logId":"01a1193f-14de-7568-9526-32fb1ed14e05"}
{"name":"worker","pid":221,"phase":"RUN_GRADLEW","buildId":"6d711126-4c0b-46e1-95b4-2c0c51b4efc4","source":"stdout","level":30,"msg":"> Task :gradle-plugin:shared:classes UP-TO-DATE","time":"2026-10-08T02:02:06.942Z","v":0,"logId":"01a1193f-14de-7568-9526-32fc5b4b7a5f"}
{"name":"worker","pid":221,"phase":"RUN_GRADLEW","buildId":"6d711126-4c0b-46e1-95b4-2c0c51b4efc4","source":"stdout","level":30,"msg":"> Task :gradle-plugin:shared:jar","time":"2026-10-08T02:02:06.942Z","v":0,"logId":"01a1193f-14de-7568-9526-32fdbc97a85c"}
{"name":"worker","pid":221,"phase":"RUN_GRADLEW","buildId":"6d711126-4c0b-46e1-95b4-2c0c51b4efc4","source":"stdout","level":30,"msg":"> Task :expo-gradle-plugin:expo-autolinking-plugin-shared:compileKotlin","time":"2026-10-08T02:02:07.836Z","v":0,"logId":"01a1193f-185c-75ad-8263-654931b82e54"}
{"name":"worker","pid":221,"phase":"RUN_GRADLEW","buildId":"6d711126-4c0b-46e1-95b4-2c0c51b4efc4","source":"stdout","level":30,"msg":"> Task :expo-gradle-plugin:expo-autolinking-plugin-shared:compileJava NO-SOURCE","time":"2026-10-08T02:02:07.837Z","v":0,"logId":"01a1193f-185d-7115-9247-28f6c0cd046b"}
{"name":"worker","pid":221,"phase":"RUN_GRADLEW","buildId":"6d711126-4c0b-46e1-95b4-2c0c51b4efc4","source":"stdout","level":30,"msg":"> Task :expo-gradle-plugin:expo-autolinking-plugin-shared:classes UP-TO-DATE","time":"2026-10-08T02:02:07.837Z","v":0,"logId":"01a1193f-185d-7115-9247-28f712d4ef90"}
{"name":"worker","pid":221,"phase":"RUN_GRADLEW","buildId":"6d711126-4c0b-46e1-95b4-2c0c51b4efc4","source":"stdout","level":30,"msg":"> Task :expo-gradle-plugin:expo-autolinking-plugin-shared:jar","time":"2026-10-08T02:02:07.837Z","v":0,"logId":"01a1193f-185d-7115-9247-28f8acc116e6"}
{"name":"worker","pid":221,"phase":"RUN_GRADLEW","buildId":"6d711126-4c0b-46e1-95b4-2c0c51b4efc4","source":"stdout","level":30,"msg":"> Task :gradle-plugin:settings-plugin:compileKotlin","time":"2026-10-08T02:02:14.936Z","v":0,"logId":"01a1193f-3418-7d5c-aa82-0c0bc6271ee7"}
{"name":"worker","pid":221,"phase":"RUN_GRADLEW","buildId":"6d711126-4c0b-46e1-95b4-2c0c51b4efc4","source":"stdout","level":30,"msg":"> Task :gradle-plugin:settings-plugin:compileJava NO-SOURCE","time":"2026-10-08T02:02:14.938Z","v":0,"logId":"01a1193f-341a-7bdc-b338-6e221051493e"}
{"name":"worker","pid":221,"phase":"RUN_GRADLEW","buildId":"6d711126-4c0b-46e1-95b4-2c0c51b4efc4","source":"stdout","level":30,"msg":"> Task :gradle-plugin:settings-plugin:classes","time":"2026-10-08T02:02:14.940Z","v":0,"logId":"01a1193f-341c-77a4-94b4-5a3304dd95aa"}
{"name":"worker","pid":221,"phase":"RUN_GRADLEW","buildId":"6d711126-4c0b-46e1-95b4-2c0c51b4efc4","source":"stdout","level":30,"msg":"> Task :gradle-plugin:settings-plugin:jar","time":"2026-10-08T02:02:14.940Z","v":0,"logId":"01a1193f-341c-77a4-94b4-5a3481d77334"}
{"name":"worker","pid":221,"phase":"RUN_GRADLEW","buildId":"6d711126-4c0b-46e1-95b4-2c0c51b4efc4","source":"stdout","level":30,"msg":"> Task :expo-gradle-plugin:expo-autolinking-settings-plugin:compileKotlin","time":"2026-10-08T02:02:16.136Z","v":0,"logId":"01a1193f-38c8-7d3e-8739-74a08904a114"}
{"name":"worker","pid":221,"phase":"RUN_GRADLEW","buildId":"6d711126-4c0b-46e1-95b4-2c0c51b4efc4","source":"stdout","level":30,"msg":"> Task :expo-gradle-plugin:expo-autolinking-settings-plugin:compileJava NO-SOURCE","time":"2026-10-08T02:02:16.138Z","v":0,"logId":"01a1193f-38ca-78c6-86a9-949994fcf74f"}
{"name":"worker","pid":221,"phase":"RUN_GRADLEW","buildId":"6d711126-4c0b-46e1-95b4-2c0c51b4efc4","source":"stdout","level":30,"msg":"> Task :expo-gradle-plugin:expo-autolinking-settings-plugin:classes","time":"2026-10-08T02:02:16.138Z","v":0,"logId":"01a1193f-38ca-78c6-86a9-949adff82ec1"}
{"name":"worker","pid":221,"phase":"RUN_GRADLEW","buildId":"6d711126-4c0b-46e1-95b4-2c0c51b4efc4","source":"stdout","level":30,"msg":"> Task :expo-gradle-plugin:expo-autolinking-settings-plugin:jar","time":"2026-10-08T02:02:16.138Z","v":0,"logId":"01a1193f-38ca-78c6-86a9-949bfc76d549"}
{"name":"worker","pid":221,"phase":"RUN_GRADLEW","buildId":"6d711126-4c0b-46e1-95b4-2c0c51b4efc4","source":"stdout","level":30,"msg":"> Task :expo-gradle-plugin:expo-max-sdk-override-plugin:checkKotlinGradlePluginConfigurationErrors SKIPPED","time":"2026-10-08T02:02:20.336Z","v":0,"logId":"01a1193f-4930-761b-83bb-cfa674f2b708"}
{"name":"worker","pid":221,"phase":"RUN_GRADLEW","buildId":"6d711126-4c0b-46e1-95b4-2c0c51b4efc4","source":"stdout","level":30,"msg":"> Task :gradle-plugin:react-native-gradle-plugin:checkKotlinGradlePluginConfigurationErrors SKIPPED","time":"2026-10-08T02:02:20.337Z","v":0,"logId":"01a1193f-4931-7ef1-b5e1-e3bfcf4aed0e"}
{"name":"worker","pid":221,"phase":"RUN_GRADLEW","buildId":"6d711126-4c0b-46e1-95b4-2c0c51b4efc4","source":"stdout","level":30,"msg":"> Task :expo-dev-launcher-gradle-plugin:checkKotlinGradlePluginConfigurationErrors SKIPPED","time":"2026-10-08T02:02:20.337Z","v":0,"logId":"01a1193f-4931-7ef1-b5e1-e3c07a17efe8"}
{"name":"worker","pid":221,"phase":"RUN_GRADLEW","buildId":"6d711126-4c0b-46e1-95b4-2c0c51b4efc4","source":"stdout","level":30,"msg":"> Task :expo-gradle-plugin:expo-autolinking-plugin:checkKotlinGradlePluginConfigurationErrors SKIPPED","time":"2026-10-08T02:02:20.337Z","v":0,"logId":"01a1193f-4931-7ef1-b5e1-e3c1ee0a5208"}
{"name":"worker","pid":221,"phase":"RUN_GRADLEW","buildId":"6d711126-4c0b-46e1-95b4-2c0c51b4efc4","source":"stdout","level":30,"msg":"> Task :expo-dev-launcher-gradle-plugin:pluginDescriptors","time":"2026-10-08T02:02:20.337Z","v":0,"logId":"01a1193f-4931-7ef1-b5e1-e3c2bce28244"}
{"name":"worker","pid":221,"phase":"RUN_GRADLEW","buildId":"6d711126-4c0b-46e1-95b4-2c0c51b4efc4","source":"stdout","level":30,"msg":"> Task :expo-dev-launcher-gradle-plugin:processResources","time":"2026-10-08T02:02:20.337Z","v":0,"logId":"01a1193f-4931-7ef1-b5e1-e3c37373716f"}
{"name":"worker","pid":221,"phase":"RUN_GRADLEW","buildId":"6d711126-4c0b-46e1-95b4-2c0c51b4efc4","source":"stdout","level":30,"msg":"> Task :expo-module-gradle-plugin:checkKotlinGradlePluginConfigurationErrors SKIPPED","time":"2026-10-08T02:02:20.337Z","v":0,"logId":"01a1193f-4931-7ef1-b5e1-e3c4828e0526"}
{"name":"worker","pid":221,"phase":"RUN_GRADLEW","buildId":"6d711126-4c0b-46e1-95b4-2c0c51b4efc4","source":"stdout","level":30,"msg":"> Task :expo-module-gradle-plugin:pluginDescriptors","time":"2026-10-08T02:02:20.438Z","v":0,"logId":"01a1193f-4997-7059-bf36-51126d35c533"}
{"name":"worker","pid":221,"phase":"RUN_GRADLEW","buildId":"6d711126-4c0b-46e1-95b4-2c0c51b4efc4","source":"stdout","level":30,"msg":"> Task :expo-module-gradle-plugin:processResources","time":"2026-10-08T02:02:20.439Z","v":0,"logId":"01a1193f-4997-7059-bf36-5113e0dc7e1e"}
{"name":"worker","pid":221,"phase":"RUN_GRADLEW","buildId":"6d711126-4c0b-46e1-95b4-2c0c51b4efc4","source":"stdout","level":30,"msg":"> Task :expo-gradle-plugin:expo-max-sdk-override-plugin:pluginDescriptors","time":"2026-10-08T02:02:20.439Z","v":0,"logId":"01a1193f-4997-7059-bf36-5114ef63e19b"}
{"name":"worker","pid":221,"phase":"RUN_GRADLEW","buildId":"6d711126-4c0b-46e1-95b4-2c0c51b4efc4","source":"stdout","level":30,"msg":"> Task :expo-gradle-plugin:expo-max-sdk-override-plugin:processResources","time":"2026-10-08T02:02:20.439Z","v":0,"logId":"01a1193f-4997-7059-bf36-5115b16a6a61"}
{"name":"worker","pid":221,"phase":"RUN_GRADLEW","buildId":"6d711126-4c0b-46e1-95b4-2c0c51b4efc4","source":"stdout","level":30,"msg":"> Task :expo-gradle-plugin:expo-autolinking-plugin:pluginDescriptors","time":"2026-10-08T02:02:20.439Z","v":0,"logId":"01a1193f-4997-7059-bf36-5116c5a758c7"}
{"name":"worker","pid":221,"phase":"RUN_GRADLEW","buildId":"6d711126-4c0b-46e1-95b4-2c0c51b4efc4","source":"stdout","level":30,"msg":"> Task :expo-gradle-plugin:expo-autolinking-plugin:processResources","time":"2026-10-08T02:02:20.439Z","v":0,"logId":"01a1193f-4997-7059-bf36-5117dd8dbea7"}
{"name":"worker","pid":221,"phase":"RUN_GRADLEW","buildId":"6d711126-4c0b-46e1-95b4-2c0c51b4efc4","source":"stdout","level":30,"msg":"> Task :expo-gradle-plugin:expo-autolinking-plugin:compileKotlin","time":"2026-10-08T02:02:24.037Z","v":0,"logId":"01a1193f-57a5-790a-af62-5d42e1af9d78"}
{"name":"worker","pid":221,"phase":"RUN_GRADLEW","buildId":"6d711126-4c0b-46e1-95b4-2c0c51b4efc4","source":"stdout","level":30,"msg":"> Task :expo-gradle-plugin:expo-autolinking-plugin:compileJava NO-SOURCE","time":"2026-10-08T02:02:24.038Z","v":0,"logId":"01a1193f-57a6-73ea-a9d6-b4ce41580542"}
{"name":"worker","pid":221,"phase":"RUN_GRADLEW","buildId":"6d711126-4c0b-46e1-95b4-2c0c51b4efc4","source":"stdout","level":30,"msg":"> Task :expo-gradle-plugin:expo-autolinking-plugin:classes","time":"2026-10-08T02:02:24.038Z","v":0,"logId":"01a1193f-57a6-73ea-a9d6-b4cfcbc30697"}
{"name":"worker","pid":221,"phase":"RUN_GRADLEW","buildId":"6d711126-4c0b-46e1-95b4-2c0c51b4efc4","source":"stdout","level":30,"msg":"> Task :expo-gradle-plugin:expo-autolinking-plugin:jar","time":"2026-10-08T02:02:24.136Z","v":0,"logId":"01a1193f-5808-797a-a168-83457e5257a8"}
{"name":"worker","pid":221,"phase":"RUN_GRADLEW","buildId":"6d711126-4c0b-46e1-95b4-2c0c51b4efc4","source":"stdout","level":30,"msg":"> Task :expo-gradle-plugin:expo-max-sdk-override-plugin:compileKotlin","time":"2026-10-08T02:02:24.137Z","v":0,"logId":"01a1193f-5809-7a7a-8675-6dc1a2e06a59"}
{"name":"worker","pid":221,"phase":"RUN_GRADLEW","buildId":"6d711126-4c0b-46e1-95b4-2c0c51b4efc4","source":"stdout","level":30,"msg":"> Task :expo-gradle-plugin:expo-max-sdk-override-plugin:compileJava NO-SOURCE","time":"2026-10-08T02:02:24.137Z","v":0,"logId":"01a1193f-5809-7a7a-8675-6dc26ce4f437"}
{"name":"worker","pid":221,"phase":"RUN_GRADLEW","buildId":"6d711126-4c0b-46e1-95b4-2c0c51b4efc4","source":"stdout","level":30,"msg":"> Task :expo-gradle-plugin:expo-max-sdk-override-plugin:classes","time":"2026-10-08T02:02:24.137Z","v":0,"logId":"01a1193f-5809-7a7a-8675-6dc325877e99"}
{"name":"worker","pid":221,"phase":"RUN_GRADLEW","buildId":"6d711126-4c0b-46e1-95b4-2c0c51b4efc4","source":"stdout","level":30,"msg":"> Task :expo-gradle-plugin:expo-max-sdk-override-plugin:jar","time":"2026-10-08T02:02:24.236Z","v":0,"logId":"01a1193f-586c-7f2f-ac5b-d3f7f3bfdb5d"}
{"name":"worker","pid":221,"phase":"RUN_GRADLEW","buildId":"6d711126-4c0b-46e1-95b4-2c0c51b4efc4","source":"stdout","level":30,"msg":"> Task :gradle-plugin:react-native-gradle-plugin:pluginDescriptors","time":"2026-10-08T02:02:24.436Z","v":0,"logId":"01a1193f-5934-77b6-afe8-2fe4d6a6f226"}
{"name":"worker","pid":221,"phase":"RUN_GRADLEW","buildId":"6d711126-4c0b-46e1-95b4-2c0c51b4efc4","source":"stdout","level":30,"msg":"> Task :gradle-plugin:react-native-gradle-plugin:processResources","time":"2026-10-08T02:02:24.437Z","v":0,"logId":"01a1193f-5935-7633-8706-1a0c63b45555"}
{"name":"worker","pid":221,"phase":"RUN_GRADLEW","buildId":"6d711126-4c0b-46e1-95b4-2c0c51b4efc4","source":"stdout","level":30,"msg":"> Task :gradle-plugin:react-native-gradle-plugin:compileKotlin","time":"2026-10-08T02:02:28.136Z","v":0,"logId":"01a1193f-67a9-77a7-a69a-4855e421155a"}
{"name":"worker","pid":221,"phase":"RUN_GRADLEW","buildId":"6d711126-4c0b-46e1-95b4-2c0c51b4efc4","source":"stdout","level":30,"msg":"> Task :gradle-plugin:react-native-gradle-plugin:compileJava NO-SOURCE","time":"2026-10-08T02:02:28.137Z","v":0,"logId":"01a1193f-67aa-7bf5-a1a0-6b48982e3cde"}
{"name":"worker","pid":221,"phase":"RUN_GRADLEW","buildId":"6d711126-4c0b-46e1-95b4-2c0c51b4efc4","source":"stdout","level":30,"msg":"> Task :gradle-plugin:react-native-gradle-plugin:classes","time":"2026-10-08T02:02:28.138Z","v":0,"logId":"01a1193f-67aa-7bf5-a1a0-6b4902839cbd"}
{"name":"worker","pid":221,"phase":"RUN_GRADLEW","buildId":"6d711126-4c0b-46e1-95b4-2c0c51b4efc4","source":"stdout","level":30,"msg":"> Task :gradle-plugin:react-native-gradle-plugin:jar","time":"2026-10-08T02:02:28.243Z","v":0,"logId":"01a1193f-6813-70be-bf57-e381c59b3b6c"}
{"name":"worker","pid":221,"phase":"RUN_GRADLEW","buildId":"6d711126-4c0b-46e1-95b4-2c0c51b4efc4","source":"stdout","level":30,"msg":"> Task :expo-dev-launcher-gradle-plugin:compileKotlin","time":"2026-10-08T02:02:29.136Z","v":0,"logId":"01a1193f-6b92-7c6d-a6d0-32cf5856154e"}
{"name":"worker","pid":221,"phase":"RUN_GRADLEW","buildId":"6d711126-4c0b-46e1-95b4-2c0c51b4efc4","source":"stdout","level":30,"msg":"> Task :expo-dev-launcher-gradle-plugin:compileJava NO-SOURCE","time":"2026-10-08T02:02:29.139Z","v":0,"logId":"01a1193f-6b94-7288-8799-e9ec4e67186b"}
{"name":"worker","pid":221,"phase":"RUN_GRADLEW","buildId":"6d711126-4c0b-46e1-95b4-2c0c51b4efc4","source":"stdout","level":30,"msg":"> Task :expo-dev-launcher-gradle-plugin:classes","time":"2026-10-08T02:02:29.141Z","v":0,"logId":"01a1193f-6b95-7330-85df-350b9c081e05"}
{"name":"worker","pid":221,"phase":"RUN_GRADLEW","buildId":"6d711126-4c0b-46e1-95b4-2c0c51b4efc4","source":"stdout","level":30,"msg":"> Task :expo-dev-launcher-gradle-plugin:jar","time":"2026-10-08T02:02:29.141Z","v":0,"logId":"01a1193f-6b95-7330-85df-350c2d283695"}
{"name":"worker","pid":221,"phase":"RUN_GRADLEW","buildId":"6d711126-4c0b-46e1-95b4-2c0c51b4efc4","source":"stdout","level":30,"msg":"> Task :expo-module-gradle-plugin:compileKotlin","time":"2026-10-08T02:02:29.836Z","v":0,"logId":"01a1193f-6e4c-72ba-aebe-0ce4ecd26ca9"}
{"name":"worker","pid":221,"phase":"RUN_GRADLEW","buildId":"6d711126-4c0b-46e1-95b4-2c0c51b4efc4","source":"stdout","level":30,"msg":"w: file:///home/expo/workingdir/build/node_modules/expo-modules-core/expo-module-gradle-plugin/src/main/kotlin/expo/modules/plugin/android/AndroidLibraryExtension.kt:9:24 'var targetSdk: Int?' is deprecated. Will be removed from library DSL in v9.0. Use testOptions.targetSdk or/and lint.targetSdk instead.","time":"2026-10-08T02:02:29.841Z","v":0,"logId":"01a1193f-6e51-77e8-99a8-6bf35ddb24bf"}
{"name":"worker","pid":221,"phase":"RUN_GRADLEW","buildId":"6d711126-4c0b-46e1-95b4-2c0c51b4efc4","source":"stdout","level":30,"msg":"> Task :expo-module-gradle-plugin:compileJava NO-SOURCE","time":"2026-10-08T02:02:29.842Z","v":0,"logId":"01a1193f-6e52-780b-a7e6-b4c6bdba1edf"}
{"name":"worker","pid":221,"phase":"RUN_GRADLEW","buildId":"6d711126-4c0b-46e1-95b4-2c0c51b4efc4","source":"stdout","level":30,"msg":"> Task :expo-module-gradle-plugin:classes","time":"2026-10-08T02:02:29.842Z","v":0,"logId":"01a1193f-6e52-780b-a7e6-b4c71a41781b"}
{"name":"worker","pid":221,"phase":"RUN_GRADLEW","buildId":"6d711126-4c0b-46e1-95b4-2c0c51b4efc4","source":"stdout","level":30,"msg":"> Task :expo-module-gradle-plugin:jar","time":"2026-10-08T02:02:29.842Z","v":0,"logId":"01a1193f-6e52-780b-a7e6-b4c81f1d1186"}
{"name":"worker","pid":221,"phase":"RUN_GRADLEW","buildId":"6d711126-4c0b-46e1-95b4-2c0c51b4efc4","source":"stdout","level":30,"msg":"> Configure project :","time":"2026-10-08T02:02:36.936Z","v":0,"logId":"01a1193f-8a08-754f-8dc7-7251e5d0e7b4"}
{"name":"worker","pid":221,"phase":"RUN_GRADLEW","buildId":"6d711126-4c0b-46e1-95b4-2c0c51b4efc4","source":"stdout","level":30,"msg":"\u001b[32m[ExpoRootProject]\u001b[0m Using the following versions:","time":"2026-10-08T02:02:36.939Z","v":0,"logId":"01a1193f-8a0b-79e2-ba41-b02e7b6da4a0"}
{"name":"worker","pid":221,"phase":"RUN_GRADLEW","buildId":"6d711126-4c0b-46e1-95b4-2c0c51b4efc4","source":"stdout","level":30,"msg":"  - buildTools:  \u001b[32m36.0.0\u001b[0m","time":"2026-10-08T02:02:36.939Z","v":0,"logId":"01a1193f-8a0b-79e2-ba41-b02f3d7dd2c3"}
{"name":"worker","pid":221,"phase":"RUN_GRADLEW","buildId":"6d711126-4c0b-46e1-95b4-2c0c51b4efc4","source":"stdout","level":30,"msg":"  - minSdk:      \u001b[32m24\u001b[0m","time":"2026-10-08T02:02:36.939Z","v":0,"logId":"01a1193f-8a0b-79e2-ba41-b030f5080b5a"}
{"name":"worker","pid":221,"phase":"RUN_GRADLEW","buildId":"6d711126-4c0b-46e1-95b4-2c0c51b4efc4","source":"stdout","level":30,"msg":"  - compileSdk:  \u001b[32m36\u001b[0m","time":"2026-10-08T02:02:36.939Z","v":0,"logId":"01a1193f-8a0b-79e2-ba41-b03175d43041"}
{"name":"worker","pid":221,"phase":"RUN_GRADLEW","buildId":"6d711126-4c0b-46e1-95b4-2c0c51b4efc4","source":"stdout","level":30,"msg":"  - targetSdk:   \u001b[32m36\u001b[0m","time":"2026-10-08T02:02:36.939Z","v":0,"logId":"01a1193f-8a0b-79e2-ba41-b032bfdf5b2d"}
{"name":"worker","pid":221,"phase":"RUN_GRADLEW","buildId":"6d711126-4c0b-46e1-95b4-2c0c51b4efc4","source":"stdout","level":30,"msg":"  - ndk:         \u001b[32m27.1.12297006\u001b[0m","time":"2026-10-08T02:02:36.939Z","v":0,"logId":"01a1193f-8a0b-79e2-ba41-b0334e96dfb4"}
{"name":"worker","pid":221,"phase":"RUN_GRADLEW","buildId":"6d711126-4c0b-46e1-95b4-2c0c51b4efc4","source":"stdout","level":30,"msg":"  - kotlin:      \u001b[32m2.1.20\u001b[0m","time":"2026-10-08T02:02:36.939Z","v":0,"logId":"01a1193f-8a0b-79e2-ba41-b0340e840314"}
{"name":"worker","pid":221,"phase":"RUN_GRADLEW","buildId":"6d711126-4c0b-46e1-95b4-2c0c51b4efc4","source":"stdout","level":30,"msg":"  - ksp:         \u001b[32m2.1.20-2.0.1\u001b[0m","time":"2026-10-08T02:02:36.939Z","v":0,"logId":"01a1193f-8a0b-79e2-ba41-b03532c017f6"}
{"name":"worker","pid":221,"phase":"RUN_GRADLEW","buildId":"6d711126-4c0b-46e1-95b4-2c0c51b4efc4","source":"stdout","level":30,"msg":"> Configure project :app","time":"2026-10-08T02:02:40.538Z","v":0,"logId":"01a1193f-981b-7278-8e64-0fff87bc6a40"}
{"name":"worker","pid":221,"phase":"RUN_GRADLEW","buildId":"6d711126-4c0b-46e1-95b4-2c0c51b4efc4","source":"stdout","level":30,"msg":" ℹ️  \u001b[33mApplying gradle plugin\u001b[0m '\u001b[32mexpo-max-sdk-override-plugin\u001b[0m'","time":"2026-10-08T02:02:40.539Z","v":0,"logId":"01a1193f-981b-7278-8e64-10001feb0280"}
{"name":"worker","pid":221,"phase":"RUN_GRADLEW","buildId":"6d711126-4c0b-46e1-95b4-2c0c51b4efc4","source":"stdout","level":30,"msg":"[expo-max-sdk-override-plugin] This plugin will find all permissions declared with `android:maxSdkVersion`. If there exists a declaration with the `android:maxSdkVersion` annotation and another one without, the plugin will remove the annotation from the final merged manifest. In order to see a log with the changes run a clean build of the app.","time":"2026-10-08T02:02:40.540Z","v":0,"logId":"01a1193f-981d-7b75-8bfe-2b8204c362a5"}
{"name":"worker","pid":221,"phase":"RUN_GRADLEW","buildId":"6d711126-4c0b-46e1-95b4-2c0c51b4efc4","source":"stdout","level":30,"msg":" ℹ️  \u001b[33mApplying gradle plugin\u001b[0m '\u001b[32mexpo-dev-launcher-gradle-plugin\u001b[0m'","time":"2026-10-08T02:02:40.541Z","v":0,"logId":"01a1193f-981d-7b75-8bfe-2b83ae6d39cf"}
{"name":"worker","pid":221,"phase":"RUN_GRADLEW","buildId":"6d711126-4c0b-46e1-95b4-2c0c51b4efc4","source":"stdout","level":30,"msg":"> Configure project :expo","time":"2026-10-08T02:02:42.537Z","v":0,"logId":"01a1193f-9fe9-7f8b-971c-2925418f7e9a"}
{"name":"worker","pid":221,"phase":"RUN_GRADLEW","buildId":"6d711126-4c0b-46e1-95b4-2c0c51b4efc4","source":"stdout","level":30,"msg":"Using expo modules","time":"2026-10-08T02:02:42.540Z","v":0,"logId":"01a1193f-9fec-7529-a2ed-38f2f198e7b5"}
{"name":"worker","pid":221,"phase":"RUN_GRADLEW","buildId":"6d711126-4c0b-46e1-95b4-2c0c51b4efc4","source":"stdout","level":30,"msg":"  - \u001b[32mexpo-log-box\u001b[0m (57.0.4)","time":"2026-10-08T02:02:42.540Z","v":0,"logId":"01a1193f-9fec-7529-a2ed-38f3441942b0"}
{"name":"worker","pid":221,"phase":"RUN_GRADLEW","buildId":"6d711126-4c0b-46e1-95b4-2c0c51b4efc4","source":"stdout","level":30,"msg":"  - \u001b[32mexpo-constants\u001b[0m (57.0.19)","time":"2026-10-08T02:02:42.540Z","v":0,"logId":"01a1193f-9fec-7529-a2ed-38f49a9a6550"}
{"name":"worker","pid":221,"phase":"RUN_GRADLEW","buildId":"6d711126-4c0b-46e1-95b4-2c0c51b4efc4","source":"stdout","level":30,"msg":"  - \u001b[32mexpo-dev-client\u001b[0m (57.0.19)","time":"2026-10-08T02:02:42.540Z","v":0,"logId":"01a1193f-9fec-7529-a2ed-38f56026af86"}
{"name":"worker","pid":221,"phase":"RUN_GRADLEW","buildId":"6d711126-4c0b-46e1-95b4-2c0c51b4efc4","source":"stdout","level":30,"msg":"- \u001b[32mexpo-dev-launcher\u001b[0m (57.0.20)","time":"2026-10-08T02:02:42.736Z","v":0,"logId":"01a1193f-a0b0-76d4-bd46-2864699b1330"}
{"name":"worker","pid":221,"phase":"RUN_GRADLEW","buildId":"6d711126-4c0b-46e1-95b4-2c0c51b4efc4","source":"stdout","level":30,"msg":"- \u001b[32mexpo-dev-menu\u001b[0m (57.0.18)","time":"2026-10-08T02:02:43.136Z","v":0,"logId":"01a1193f-a240-7569-92b8-dbd3ef2721c2"}
{"name":"worker","pid":221,"phase":"RUN_GRADLEW","buildId":"6d711126-4c0b-46e1-95b4-2c0c51b4efc4","source":"stdout","level":30,"msg":"- \u001b[32mexpo-dev-menu-interface\u001b[0m (57.0.0)","time":"2026-10-08T02:02:43.236Z","v":0,"logId":"01a1193f-a2a4-772b-9652-1685c94e5ccf"}
{"name":"worker","pid":221,"phase":"RUN_GRADLEW","buildId":"6d711126-4c0b-46e1-95b4-2c0c51b4efc4","source":"stdout","level":30,"msg":"- \u001b[32mexpo-json-utils\u001b[0m (57.0.2)","time":"2026-10-08T02:02:43.338Z","v":0,"logId":"01a1193f-a30b-7f1b-b593-39a4ef602370"}
{"name":"worker","pid":221,"phase":"RUN_GRADLEW","buildId":"6d711126-4c0b-46e1-95b4-2c0c51b4efc4","source":"stdout","level":30,"msg":"- \u001b[32mexpo-manifests\u001b[0m (57.0.2)","time":"2026-10-08T02:02:43.436Z","v":0,"logId":"01a1193f-a36c-7878-ae21-30a06751bb47"}
{"name":"worker","pid":221,"phase":"RUN_GRADLEW","buildId":"6d711126-4c0b-46e1-95b4-2c0c51b4efc4","source":"stdout","level":30,"msg":"> Configure project :expo-modules-core","time":"2026-10-08T02:02:50.836Z","v":0,"logId":"01a1193f-c054-7001-859e-5a0936c4455f"}
{"name":"worker","pid":221,"phase":"RUN_GRADLEW","buildId":"6d711126-4c0b-46e1-95b4-2c0c51b4efc4","source":"stdout","level":30,"msg":"Linking react-native-worklets native libs into expo-modules-core build tasks","time":"2026-10-08T02:02:50.838Z","v":0,"logId":"01a1193f-c056-7042-a6b0-d89960e9d342"}
{"name":"worker","pid":221,"phase":"RUN_GRADLEW","buildId":"6d711126-4c0b-46e1-95b4-2c0c51b4efc4","source":"stdout","level":30,"msg":"task ':react-native-worklets:mergeDebugNativeLibs'","time":"2026-10-08T02:02:50.838Z","v":0,"logId":"01a1193f-c056-7042-a6b0-d89a2e198704"}
{"name":"worker","pid":221,"phase":"RUN_GRADLEW","buildId":"6d711126-4c0b-46e1-95b4-2c0c51b4efc4","source":"stdout","level":30,"msg":"task ':react-native-worklets:mergeReleaseNativeLibs'","time":"2026-10-08T02:02:50.838Z","v":0,"logId":"01a1193f-c056-7042-a6b0-d89b940c9f66"}
{"name":"worker","pid":221,"phase":"RUN_GRADLEW","buildId":"6d711126-4c0b-46e1-95b4-2c0c51b4efc4","source":"stdout","level":30,"msg":"> Configure project :expo","time":"2026-10-08T02:02:50.838Z","v":0,"logId":"01a1193f-c056-7042-a6b0-d89c03e64a2b"}
{"name":"worker","pid":221,"phase":"RUN_GRADLEW","buildId":"6d711126-4c0b-46e1-95b4-2c0c51b4efc4","source":"stdout","level":30,"msg":"  - \u001b[32mexpo-modules-core\u001b[0m (57.0.19)","time":"2026-10-08T02:02:50.838Z","v":0,"logId":"01a1193f-c056-7042-a6b0-d89d6eec09ee"}
{"name":"worker","pid":221,"phase":"RUN_GRADLEW","buildId":"6d711126-4c0b-46e1-95b4-2c0c51b4efc4","source":"stdout","level":30,"msg":"- \u001b[32mexpo-updates-interface\u001b[0m (57.0.2)","time":"2026-10-08T02:02:50.939Z","v":0,"logId":"01a1193f-c0bc-72b9-9f3c-2de7b429b2d7"}
{"name":"worker","pid":221,"phase":"RUN_GRADLEW","buildId":"6d711126-4c0b-46e1-95b4-2c0c51b4efc4","source":"stdout","level":30,"msg":"  - \u001b[33m[📦]\u001b[0m \u001b[32mexpo-dom-webview\u001b[0m (57.0.1)","time":"2026-10-08T02:02:50.940Z","v":0,"logId":"01a1193f-c0bd-761c-a7d4-9052ca1a66d5"}
{"name":"worker","pid":221,"phase":"RUN_GRADLEW","buildId":"6d711126-4c0b-46e1-95b4-2c0c51b4efc4","source":"stdout","level":30,"msg":"  - \u001b[33m[📦]\u001b[0m \u001b[32mexpo-ui\u001b[0m (57.0.20)","time":"2026-10-08T02:02:50.941Z","v":0,"logId":"01a1193f-c0bd-761c-a7d4-9053e7406c0c"}
{"name":"worker","pid":221,"phase":"RUN_GRADLEW","buildId":"6d711126-4c0b-46e1-95b4-2c0c51b4efc4","source":"stdout","level":30,"msg":"  - \u001b[33m[📦]\u001b[0m \u001b[32mexpo-application\u001b[0m (57.0.3)","time":"2026-10-08T02:02:50.941Z","v":0,"logId":"01a1193f-c0bd-761c-a7d4-9054a2ffead5"}
{"name":"worker","pid":221,"phase":"RUN_GRADLEW","buildId":"6d711126-4c0b-46e1-95b4-2c0c51b4efc4","source":"stdout","level":30,"msg":"  - \u001b[33m[📦]\u001b[0m \u001b[32mexpo-asset\u001b[0m (57.0.18)","time":"2026-10-08T02:02:50.941Z","v":0,"logId":"01a1193f-c0bd-761c-a7d4-905555837a2c"}
{"name":"worker","pid":221,"phase":"RUN_GRADLEW","buildId":"6d711126-4c0b-46e1-95b4-2c0c51b4efc4","source":"stdout","level":30,"msg":"  - \u001b[33m[📦]\u001b[0m \u001b[32mexpo-crypto\u001b[0m (57.0.3)","time":"2026-10-08T02:02:50.941Z","v":0,"logId":"01a1193f-c0bd-761c-a7d4-9056b2dd5681"}
{"name":"worker","pid":221,"phase":"RUN_GRADLEW","buildId":"6d711126-4c0b-46e1-95b4-2c0c51b4efc4","source":"stdout","level":30,"msg":"  - \u001b[33m[📦]\u001b[0m \u001b[32mexpo-device\u001b[0m (57.0.2)","time":"2026-10-08T02:02:50.941Z","v":0,"logId":"01a1193f-c0bd-761c-a7d4-90571c444449"}
{"name":"worker","pid":221,"phase":"RUN_GRADLEW","buildId":"6d711126-4c0b-46e1-95b4-2c0c51b4efc4","source":"stdout","level":30,"msg":"  - \u001b[33m[📦]\u001b[0m \u001b[32mexpo-file-system\u001b[0m (57.0.7)","time":"2026-10-08T02:02:50.942Z","v":0,"logId":"01a1193f-c0be-7530-8e5f-f8209d929858"}
{"name":"worker","pid":221,"phase":"RUN_GRADLEW","buildId":"6d711126-4c0b-46e1-95b4-2c0c51b4efc4","source":"stdout","level":30,"msg":"  - \u001b[33m[📦]\u001b[0m \u001b[32mexpo-font\u001b[0m (57.0.4)","time":"2026-10-08T02:02:50.942Z","v":0,"logId":"01a1193f-c0be-7530-8e5f-f821f52c01bb"}
{"name":"worker","pid":221,"phase":"RUN_GRADLEW","buildId":"6d711126-4c0b-46e1-95b4-2c0c51b4efc4","source":"stdout","level":30,"msg":"  - \u001b[33m[📦]\u001b[0m \u001b[32mexpo-image\u001b[0m (57.0.5)","time":"2026-10-08T02:02:50.942Z","v":0,"logId":"01a1193f-c0be-7530-8e5f-f82229719999"}
{"name":"worker","pid":221,"phase":"RUN_GRADLEW","buildId":"6d711126-4c0b-46e1-95b4-2c0c51b4efc4","source":"stdout","level":30,"msg":"  - \u001b[33m[📦]\u001b[0m \u001b[32mexpo-image-loader\u001b[0m (57.0.1)","time":"2026-10-08T02:02:50.942Z","v":0,"logId":"01a1193f-c0be-7530-8e5f-f823bf4a828c"}
{"name":"worker","pid":221,"phase":"RUN_GRADLEW","buildId":"6d711126-4c0b-46e1-95b4-2c0c51b4efc4","source":"stdout","level":30,"msg":"  - \u001b[33m[📦]\u001b[0m \u001b[32mexpo-image-picker\u001b[0m (57.0.20)","time":"2026-10-08T02:02:50.942Z","v":0,"logId":"01a1193f-c0bf-7f40-8014-3a1631db9d88"}
{"name":"worker","pid":221,"phase":"RUN_GRADLEW","buildId":"6d711126-4c0b-46e1-95b4-2c0c51b4efc4","source":"stdout","level":30,"msg":"  - \u001b[33m[📦]\u001b[0m \u001b[32mexpo-keep-awake\u001b[0m (57.0.2)","time":"2026-10-08T02:02:50.943Z","v":0,"logId":"01a1193f-c0bf-7f40-8014-3a171eb51a55"}
{"name":"worker","pid":221,"phase":"RUN_GRADLEW","buildId":"6d711126-4c0b-46e1-95b4-2c0c51b4efc4","source":"stdout","level":30,"msg":"  - \u001b[33m[📦]\u001b[0m \u001b[32mexpo-linking\u001b[0m (57.0.11)","time":"2026-10-08T02:02:50.943Z","v":0,"logId":"01a1193f-c0bf-7f40-8014-3a1861e40ff6"}
{"name":"worker","pid":221,"phase":"RUN_GRADLEW","buildId":"6d711126-4c0b-46e1-95b4-2c0c51b4efc4","source":"stdout","level":30,"msg":"  - \u001b[33m[📦]\u001b[0m \u001b[32mexpo-notifications\u001b[0m (57.0.21)","time":"2026-10-08T02:02:50.943Z","v":0,"logId":"01a1193f-c0bf-7f40-8014-3a19db4c4a96"}
{"name":"worker","pid":221,"phase":"RUN_GRADLEW","buildId":"6d711126-4c0b-46e1-95b4-2c0c51b4efc4","source":"stdout","level":30,"msg":"  - \u001b[33m[📦]\u001b[0m \u001b[32mexpo-router\u001b[0m (57.0.23)","time":"2026-10-08T02:02:50.943Z","v":0,"logId":"01a1193f-c0bf-7f40-8014-3a1aca8e6bcf"}
{"name":"worker","pid":221,"phase":"RUN_GRADLEW","buildId":"6d711126-4c0b-46e1-95b4-2c0c51b4efc4","source":"stdout","level":30,"msg":"  - \u001b[33m[📦]\u001b[0m \u001b[32mexpo-splash-screen\u001b[0m (57.0.9)","time":"2026-10-08T02:02:50.943Z","v":0,"logId":"01a1193f-c0bf-7f40-8014-3a1b7b0a4fb7"}
{"name":"worker","pid":221,"phase":"RUN_GRADLEW","buildId":"6d711126-4c0b-46e1-95b4-2c0c51b4efc4","source":"stdout","level":30,"msg":"  - \u001b[33m[📦]\u001b[0m \u001b[32mexpo-status-bar\u001b[0m (57.0.1)","time":"2026-10-08T02:02:50.943Z","v":0,"logId":"01a1193f-c0bf-7f40-8014-3a1c83ae9775"}
{"name":"worker","pid":221,"phase":"RUN_GRADLEW","buildId":"6d711126-4c0b-46e1-95b4-2c0c51b4efc4","source":"stdout","level":30,"msg":"  - \u001b[33m[📦]\u001b[0m \u001b[32mexpo-system-ui\u001b[0m (57.0.4)","time":"2026-10-08T02:02:50.944Z","v":0,"logId":"01a1193f-c0c0-7c7f-b58c-2ecefab1540c"}
{"name":"worker","pid":221,"phase":"RUN_GRADLEW","buildId":"6d711126-4c0b-46e1-95b4-2c0c51b4efc4","source":"stdout","level":30,"msg":"  - \u001b[33m[📦]\u001b[0m \u001b[32mexpo-web-browser\u001b[0m (57.0.3)","time":"2026-10-08T02:02:50.944Z","v":0,"logId":"01a1193f-c0c0-7c7f-b58c-2ecf5553264b"}
{"name":"worker","pid":221,"phase":"RUN_GRADLEW","buildId":"6d711126-4c0b-46e1-95b4-2c0c51b4efc4","source":"stdout","level":30,"msg":"> Configure project :react-native-nitro-google-signin","time":"2026-10-08T02:03:05.136Z","v":0,"logId":"01a1193f-f831-7568-a222-1ddfabdffb2e"}
{"name":"worker","pid":221,"phase":"RUN_GRADLEW","buildId":"6d711126-4c0b-46e1-95b4-2c0c51b4efc4","source":"stdout","level":30,"msg":"[NitroModules] 🔥 NitroGoogleSignin is boosted by nitro!","time":"2026-10-08T02:03:05.138Z","v":0,"logId":"01a1193f-f832-7d57-84ef-1b3ad771dec7"}
{"name":"worker","pid":221,"phase":"RUN_GRADLEW","buildId":"6d711126-4c0b-46e1-95b4-2c0c51b4efc4","source":"stdout","level":30,"msg":"> Configure project :react-native-nitro-modules","time":"2026-10-08T02:03:15.137Z","v":0,"logId":"01a11940-1f41-7c58-a844-b64079331b50"}
{"name":"worker","pid":221,"phase":"RUN_GRADLEW","buildId":"6d711126-4c0b-46e1-95b4-2c0c51b4efc4","source":"stdout","level":30,"msg":"[NitroModules] 🔥 Your app is boosted by nitro modules!","time":"2026-10-08T02:03:15.140Z","v":0,"logId":"01a11940-1f44-786e-b615-68a14f008f8f"}
{"name":"worker","pid":221,"phase":"RUN_GRADLEW","buildId":"6d711126-4c0b-46e1-95b4-2c0c51b4efc4","source":"stdout","level":30,"msg":"> Task :expo-dev-client:preBuild UP-TO-DATE","time":"2026-10-08T02:03:31.038Z","v":0,"logId":"01a11940-5d5f-7327-95ae-012181ed4889"}
{"name":"worker","pid":221,"phase":"RUN_GRADLEW","buildId":"6d711126-4c0b-46e1-95b4-2c0c51b4efc4","source":"stdout","level":30,"msg":"> Task :expo-dev-launcher:preBuild UP-TO-DATE","time":"2026-10-08T02:03:31.040Z","v":0,"logId":"01a11940-5d60-7379-b25c-acf8e5d85b70"}
{"name":"worker","pid":221,"phase":"RUN_GRADLEW","buildId":"6d711126-4c0b-46e1-95b4-2c0c51b4efc4","source":"stdout","level":30,"msg":"> Task :expo-dev-menu:preBuild UP-TO-DATE","time":"2026-10-08T02:03:31.040Z","v":0,"logId":"01a11940-5d60-7379-b25c-acf9625488e3"}
{"name":"worker","pid":221,"phase":"RUN_GRADLEW","buildId":"6d711126-4c0b-46e1-95b4-2c0c51b4efc4","source":"stdout","level":30,"msg":"> Task :expo-dev-menu-interface:preBuild UP-TO-DATE","time":"2026-10-08T02:03:31.040Z","v":0,"logId":"01a11940-5d60-7379-b25c-acfa84b434b3"}
{"name":"worker","pid":221,"phase":"RUN_GRADLEW","buildId":"6d711126-4c0b-46e1-95b4-2c0c51b4efc4","source":"stdout","level":30,"msg":"> Task :expo-json-utils:preBuild UP-TO-DATE","time":"2026-10-08T02:03:31.040Z","v":0,"logId":"01a11940-5d60-7379-b25c-acfb1020041e"}
{"name":"worker","pid":221,"phase":"RUN_GRADLEW","buildId":"6d711126-4c0b-46e1-95b4-2c0c51b4efc4","source":"stdout","level":30,"msg":"> Task :expo-log-box:preBuild UP-TO-DATE","time":"2026-10-08T02:03:31.040Z","v":0,"logId":"01a11940-5d60-7379-b25c-acfc6e9148a8"}
{"name":"worker","pid":221,"phase":"RUN_GRADLEW","buildId":"6d711126-4c0b-46e1-95b4-2c0c51b4efc4","source":"stdout","level":30,"msg":"> Task :expo-manifests:preBuild UP-TO-DATE","time":"2026-10-08T02:03:31.040Z","v":0,"logId":"01a11940-5d60-7379-b25c-acfd35ec8dda"}
{"name":"worker","pid":221,"phase":"RUN_GRADLEW","buildId":"6d711126-4c0b-46e1-95b4-2c0c51b4efc4","source":"stdout","level":30,"msg":"> Task :expo-modules-core:preBuild UP-TO-DATE","time":"2026-10-08T02:03:31.040Z","v":0,"logId":"01a11940-5d60-7379-b25c-acfe085b113d"}
{"name":"worker","pid":221,"phase":"RUN_GRADLEW","buildId":"6d711126-4c0b-46e1-95b4-2c0c51b4efc4","source":"stdout","level":30,"msg":"> Task :expo-updates-interface:preBuild UP-TO-DATE","time":"2026-10-08T02:03:31.040Z","v":0,"logId":"01a11940-5d60-7379-b25c-acff103b315a"}
{"name":"worker","pid":221,"phase":"RUN_GRADLEW","buildId":"6d711126-4c0b-46e1-95b4-2c0c51b4efc4","source":"stdout","level":30,"msg":"> Task :expo:generatePackagesList","time":"2026-10-08T02:03:31.040Z","v":0,"logId":"01a11940-5d60-7379-b25c-ad004ba08e3f"}
{"name":"worker","pid":221,"phase":"RUN_GRADLEW","buildId":"6d711126-4c0b-46e1-95b4-2c0c51b4efc4","source":"stdout","level":30,"msg":"> Task :expo:preBuild","time":"2026-10-08T02:03:31.040Z","v":0,"logId":"01a11940-5d60-7379-b25c-ad01c0465cb9"}
{"name":"worker","pid":221,"phase":"RUN_GRADLEW","buildId":"6d711126-4c0b-46e1-95b4-2c0c51b4efc4","source":"stdout","level":30,"msg":"> Task :app:generateAutolinkingNewArchitectureFiles","time":"2026-10-08T02:03:31.040Z","v":0,"logId":"01a11940-5d60-7379-b25c-ad02267b63cd"}
{"name":"worker","pid":221,"phase":"RUN_GRADLEW","buildId":"6d711126-4c0b-46e1-95b4-2c0c51b4efc4","source":"stdout","level":30,"msg":"> Task :app:generateAutolinkingPackageList","time":"2026-10-08T02:03:31.040Z","v":0,"logId":"01a11940-5d61-7892-933a-313f3fd6cecd"}
{"name":"worker","pid":221,"phase":"RUN_GRADLEW","buildId":"6d711126-4c0b-46e1-95b4-2c0c51b4efc4","source":"stdout","level":30,"msg":"> Task :app:generateCodegenSchemaFromJavaScript SKIPPED","time":"2026-10-08T02:03:31.041Z","v":0,"logId":"01a11940-5d61-7892-933a-3140ce378c22"}
{"name":"worker","pid":221,"phase":"RUN_GRADLEW","buildId":"6d711126-4c0b-46e1-95b4-2c0c51b4efc4","source":"stdout","level":30,"msg":"> Task :app:generateCodegenArtifactsFromSchema SKIPPED","time":"2026-10-08T02:03:31.041Z","v":0,"logId":"01a11940-5d61-7892-933a-314110359752"}
{"name":"worker","pid":221,"phase":"RUN_GRADLEW","buildId":"6d711126-4c0b-46e1-95b4-2c0c51b4efc4","source":"stdout","level":30,"msg":"> Task :app:generateReactNativeEntryPoint","time":"2026-10-08T02:03:31.140Z","v":0,"logId":"01a11940-5dc4-7468-94eb-004c7bc05077"}
{"name":"worker","pid":221,"phase":"RUN_GRADLEW","buildId":"6d711126-4c0b-46e1-95b4-2c0c51b4efc4","source":"stdout","level":30,"msg":"> Task :react-native-masked-view_masked-view:preBuild UP-TO-DATE","time":"2026-10-08T02:03:31.141Z","v":0,"logId":"01a11940-5dc5-7111-a2de-36aec4d0f899"}
{"name":"worker","pid":221,"phase":"RUN_GRADLEW","buildId":"6d711126-4c0b-46e1-95b4-2c0c51b4efc4","source":"stdout","level":30,"msg":"> Task :react-native-async-storage_async-storage:generateCodegenSchemaFromJavaScript","time":"2026-10-08T02:03:31.236Z","v":0,"logId":"01a11940-5e24-7782-bb06-9c8f3dceccc6"}
{"name":"worker","pid":221,"phase":"RUN_GRADLEW","buildId":"6d711126-4c0b-46e1-95b4-2c0c51b4efc4","source":"stdout","level":30,"msg":"> Task :react-native-gesture-handler:generateCodegenSchemaFromJavaScript","time":"2026-10-08T02:03:31.236Z","v":0,"logId":"01a11940-5e25-76dc-9707-885f40418397"}
{"name":"worker","pid":221,"phase":"RUN_GRADLEW","buildId":"6d711126-4c0b-46e1-95b4-2c0c51b4efc4","source":"stdout","level":30,"msg":"> Task :react-native-nitro-google-signin:generateCodegenSchemaFromJavaScript","time":"2026-10-08T02:03:31.340Z","v":0,"logId":"01a11940-5e8c-77b6-9f73-97b1a3832166"}
{"name":"worker","pid":221,"phase":"RUN_GRADLEW","buildId":"6d711126-4c0b-46e1-95b4-2c0c51b4efc4","source":"stderr","level":30,"msg":"No modules to process in combine-js-to-schema-cli. If this is unexpected, please check if you set up your NativeComponent correctly. See combine-js-to-schema.js for how codegen finds modules.","time":"2026-10-08T02:03:31.341Z","v":0,"logId":"01a11940-5e8d-713d-a68e-e2b952289428"}
{"name":"worker","pid":221,"phase":"RUN_GRADLEW","buildId":"6d711126-4c0b-46e1-95b4-2c0c51b4efc4","source":"stdout","level":30,"msg":"> Task :expo-constants:createExpoConfig","time":"2026-10-08T02:03:31.437Z","v":0,"logId":"01a11940-5eed-7bab-b409-11caed6838ed"}
{"name":"worker","pid":221,"phase":"RUN_GRADLEW","buildId":"6d711126-4c0b-46e1-95b4-2c0c51b4efc4","source":"stdout","level":30,"msg":"> Task :expo-constants:preBuild","time":"2026-10-08T02:03:31.438Z","v":0,"logId":"01a11940-5eee-7032-8c43-b7b317e0d8c9"}
{"name":"worker","pid":221,"phase":"RUN_GRADLEW","buildId":"6d711126-4c0b-46e1-95b4-2c0c51b4efc4","source":"stdout","level":30,"msg":"> Task :react-native-async-storage_async-storage:generateCodegenArtifactsFromSchema","time":"2026-10-08T02:03:31.438Z","v":0,"logId":"01a11940-5ef0-7adc-88bd-97cf8deec5b6"}
{"name":"worker","pid":221,"phase":"RUN_GRADLEW","buildId":"6d711126-4c0b-46e1-95b4-2c0c51b4efc4","source":"stdout","level":30,"msg":"> Task :react-native-async-storage_async-storage:preBuild","time":"2026-10-08T02:03:31.440Z","v":0,"logId":"01a11940-5ef0-7adc-88bd-97d03add150c"}
{"name":"worker","pid":221,"phase":"RUN_GRADLEW","buildId":"6d711126-4c0b-46e1-95b4-2c0c51b4efc4","source":"stdout","level":30,"msg":"> Task :react-native-gesture-handler:generateCodegenArtifactsFromSchema","time":"2026-10-08T02:03:31.440Z","v":0,"logId":"01a11940-5ef0-7adc-88bd-97d1abb9cefb"}
{"name":"worker","pid":221,"phase":"RUN_GRADLEW","buildId":"6d711126-4c0b-46e1-95b4-2c0c51b4efc4","source":"stdout","level":30,"msg":"> Task :react-native-gesture-handler:preBuild","time":"2026-10-08T02:03:31.440Z","v":0,"logId":"01a11940-5ef0-7adc-88bd-97d24997abe4"}
{"name":"worker","pid":221,"phase":"RUN_GRADLEW","buildId":"6d711126-4c0b-46e1-95b4-2c0c51b4efc4","source":"stderr","level":30,"msg":"The NODE_ENV environment variable is required but was not specified. Ensure the project is bundled with Expo CLI or NODE_ENV is set. Using only .env.local and .env","time":"2026-10-08T02:03:31.441Z","v":0,"logId":"01a11940-5ef1-7cd7-9537-143e6628dee9"}
{"name":"worker","pid":221,"phase":"RUN_GRADLEW","buildId":"6d711126-4c0b-46e1-95b4-2c0c51b4efc4","source":"stdout","level":30,"msg":"> Task :react-native-reanimated:assertMinimalReactNativeVersionTask","time":"2026-10-08T02:03:31.537Z","v":0,"logId":"01a11940-5f51-7924-812f-c5a12946fdbb"}
{"name":"worker","pid":221,"phase":"RUN_GRADLEW","buildId":"6d711126-4c0b-46e1-95b4-2c0c51b4efc4","source":"stdout","level":30,"msg":"> Task :react-native-nitro-google-signin:generateCodegenArtifactsFromSchema","time":"2026-10-08T02:03:31.538Z","v":0,"logId":"01a11940-5f52-713b-867e-fd57ccdf5008"}
{"name":"worker","pid":221,"phase":"RUN_GRADLEW","buildId":"6d711126-4c0b-46e1-95b4-2c0c51b4efc4","source":"stdout","level":30,"msg":"> Task :react-native-nitro-google-signin:preBuild","time":"2026-10-08T02:03:31.538Z","v":0,"logId":"01a11940-5f52-713b-867e-fd58632aba12"}
{"name":"worker","pid":221,"phase":"RUN_GRADLEW","buildId":"6d711126-4c0b-46e1-95b4-2c0c51b4efc4","source":"stdout","level":30,"msg":"> Task :react-native-reanimated:assertWorkletsVersionTask","time":"2026-10-08T02:03:31.538Z","v":0,"logId":"01a11940-5f52-713b-867e-fd5934caaa5a"}
{"name":"worker","pid":221,"phase":"RUN_GRADLEW","buildId":"6d711126-4c0b-46e1-95b4-2c0c51b4efc4","source":"stdout","level":30,"msg":"> Task :react-native-nitro-modules:generateCodegenSchemaFromJavaScript","time":"2026-10-08T02:03:31.637Z","v":0,"logId":"01a11940-5fb5-7242-82f6-7eccd973b318"}
{"name":"worker","pid":221,"phase":"RUN_GRADLEW","buildId":"6d711126-4c0b-46e1-95b4-2c0c51b4efc4","source":"stdout","level":30,"msg":"> Task :react-native-safe-area-context:generateCodegenSchemaFromJavaScript","time":"2026-10-08T02:03:31.638Z","v":0,"logId":"01a11940-5fb6-706a-93f7-5c2733c5889d"}
{"name":"worker","pid":221,"phase":"RUN_GRADLEW","buildId":"6d711126-4c0b-46e1-95b4-2c0c51b4efc4","source":"stdout","level":30,"msg":"> Task :react-native-reanimated:generateCodegenSchemaFromJavaScript","time":"2026-10-08T02:03:31.736Z","v":0,"logId":"01a11940-6018-7963-ae97-03f9837f9541"}
{"name":"worker","pid":221,"phase":"RUN_GRADLEW","buildId":"6d711126-4c0b-46e1-95b4-2c0c51b4efc4","source":"stdout","level":30,"msg":"> Task :react-native-screens:generateCodegenSchemaFromJavaScript","time":"2026-10-08T02:03:31.838Z","v":0,"logId":"01a11940-607f-7bbe-8832-e7bd065066bd"}
{"name":"worker","pid":221,"phase":"RUN_GRADLEW","buildId":"6d711126-4c0b-46e1-95b4-2c0c51b4efc4","source":"stdout","level":30,"msg":"> Task :react-native-nitro-modules:generateCodegenArtifactsFromSchema","time":"2026-10-08T02:03:31.840Z","v":0,"logId":"01a11940-6082-7fa7-ae52-2a8c46e38017"}
{"name":"worker","pid":221,"phase":"RUN_GRADLEW","buildId":"6d711126-4c0b-46e1-95b4-2c0c51b4efc4","source":"stdout","level":30,"msg":"> Task :react-native-safe-area-context:generateCodegenArtifactsFromSchema","time":"2026-10-08T02:03:31.936Z","v":0,"logId":"01a11940-60e0-71d4-8615-025a7587d814"}
{"name":"worker","pid":221,"phase":"RUN_GRADLEW","buildId":"6d711126-4c0b-46e1-95b4-2c0c51b4efc4","source":"stdout","level":30,"msg":"> Task :react-native-safe-area-context:preBuild","time":"2026-10-08T02:03:31.939Z","v":0,"logId":"01a11940-60e3-7a13-bac2-5751a3611f54"}
{"name":"worker","pid":221,"phase":"RUN_GRADLEW","buildId":"6d711126-4c0b-46e1-95b4-2c0c51b4efc4","source":"stdout","level":30,"msg":"> Task :react-native-reanimated:generateCodegenArtifactsFromSchema","time":"2026-10-08T02:03:31.939Z","v":0,"logId":"01a11940-60e3-7a13-bac2-5752d5fe4ce5"}
{"name":"worker","pid":221,"phase":"RUN_GRADLEW","buildId":"6d711126-4c0b-46e1-95b4-2c0c51b4efc4","source":"stdout","level":30,"msg":"> Task :react-native-nitro-modules:prepareHeaders","time":"2026-10-08T02:03:32.036Z","v":0,"logId":"01a11940-6144-7e47-ad75-95a7bfb6a7c9"}
{"name":"worker","pid":221,"phase":"RUN_GRADLEW","buildId":"6d711126-4c0b-46e1-95b4-2c0c51b4efc4","source":"stdout","level":30,"msg":"> Task :react-native-nitro-modules:preBuild","time":"2026-10-08T02:03:32.037Z","v":0,"logId":"01a11940-6146-76be-89b7-f0a2866dcd32"}
{"name":"worker","pid":221,"phase":"RUN_GRADLEW","buildId":"6d711126-4c0b-46e1-95b4-2c0c51b4efc4","source":"stdout","level":30,"msg":"> Task :react-native-worklets:assertMinimalReactNativeVersionTask","time":"2026-10-08T02:03:32.038Z","v":0,"logId":"01a11940-6146-76be-89b7-f0a3facebe79"}
{"name":"worker","pid":221,"phase":"RUN_GRADLEW","buildId":"6d711126-4c0b-46e1-95b4-2c0c51b4efc4","source":"stdout","level":30,"msg":"> Task :react-native-screens:generateCodegenArtifactsFromSchema","time":"2026-10-08T02:03:32.038Z","v":0,"logId":"01a11940-6146-76be-89b7-f0a4069a7a64"}
{"name":"worker","pid":221,"phase":"RUN_GRADLEW","buildId":"6d711126-4c0b-46e1-95b4-2c0c51b4efc4","source":"stdout","level":30,"msg":"> Task :react-native-screens:preBuild","time":"2026-10-08T02:03:32.038Z","v":0,"logId":"01a11940-6146-76be-89b7-f0a5437bf9e6"}
{"name":"worker","pid":221,"phase":"RUN_GRADLEW","buildId":"6d711126-4c0b-46e1-95b4-2c0c51b4efc4","source":"stdout","level":30,"msg":"> Task :react-native-nitro-modules:preReleaseBuild","time":"2026-10-08T02:03:32.038Z","v":0,"logId":"01a11940-6146-76be-89b7-f0a6ff8bfceb"}
{"name":"worker","pid":221,"phase":"RUN_GRADLEW","buildId":"6d711126-4c0b-46e1-95b4-2c0c51b4efc4","source":"stdout","level":30,"msg":"> Task :react-native-reanimated:prepareReanimatedHeadersForPrefabs","time":"2026-10-08T02:03:32.138Z","v":0,"logId":"01a11940-61ab-7416-b151-91ade8a1132c"}
{"name":"worker","pid":221,"phase":"RUN_GRADLEW","buildId":"6d711126-4c0b-46e1-95b4-2c0c51b4efc4","source":"stdout","level":30,"msg":"> Task :react-native-reanimated:preBuild","time":"2026-10-08T02:03:32.139Z","v":0,"logId":"01a11940-61ab-7416-b151-91aee50d5a0c"}
{"name":"worker","pid":221,"phase":"RUN_GRADLEW","buildId":"6d711126-4c0b-46e1-95b4-2c0c51b4efc4","source":"stdout","level":30,"msg":"> Task :react-native-reanimated:preReleaseBuild","time":"2026-10-08T02:03:32.139Z","v":0,"logId":"01a11940-61ab-7416-b151-91afba031262"}
{"name":"worker","pid":221,"phase":"RUN_GRADLEW","buildId":"6d711126-4c0b-46e1-95b4-2c0c51b4efc4","source":"stdout","level":30,"msg":"> Task :expo:preReleaseBuild","time":"2026-10-08T02:03:32.139Z","v":0,"logId":"01a11940-61ac-7dd3-ac59-3b2c66396915"}
{"name":"worker","pid":221,"phase":"RUN_GRADLEW","buildId":"6d711126-4c0b-46e1-95b4-2c0c51b4efc4","source":"stdout","level":30,"msg":"> Task :react-native-svg:generateCodegenSchemaFromJavaScript","time":"2026-10-08T02:03:32.236Z","v":0,"logId":"01a11940-620c-70c0-bef4-27e998cae5ab"}
{"name":"worker","pid":221,"phase":"RUN_GRADLEW","buildId":"6d711126-4c0b-46e1-95b4-2c0c51b4efc4","source":"stdout","level":30,"msg":"> Task :react-native-worklets:generateCodegenSchemaFromJavaScript","time":"2026-10-08T02:03:32.240Z","v":0,"logId":"01a11940-6210-7854-a8a1-e48cca52a869"}
{"name":"worker","pid":221,"phase":"RUN_GRADLEW","buildId":"6d711126-4c0b-46e1-95b4-2c0c51b4efc4","source":"stdout","level":30,"msg":"> Task :expo:mergeReleaseJniLibFolders","time":"2026-10-08T02:03:32.240Z","v":0,"logId":"01a11940-6210-7854-a8a1-e48de7347f1f"}
{"name":"worker","pid":221,"phase":"RUN_GRADLEW","buildId":"6d711126-4c0b-46e1-95b4-2c0c51b4efc4","source":"stdout","level":30,"msg":"> Task :expo:mergeReleaseNativeLibs NO-SOURCE","time":"2026-10-08T02:03:32.240Z","v":0,"logId":"01a11940-6210-7854-a8a1-e48eb0457455"}
{"name":"worker","pid":221,"phase":"RUN_GRADLEW","buildId":"6d711126-4c0b-46e1-95b4-2c0c51b4efc4","source":"stdout","level":30,"msg":"> Task :expo:copyReleaseJniLibsProjectOnly","time":"2026-10-08T02:03:32.338Z","v":0,"logId":"01a11940-6273-78a7-a456-3cd86fe8ea1d"}
{"name":"worker","pid":221,"phase":"RUN_GRADLEW","buildId":"6d711126-4c0b-46e1-95b4-2c0c51b4efc4","source":"stdout","level":30,"msg":"> Task :expo-constants:preReleaseBuild","time":"2026-10-08T02:03:32.339Z","v":0,"logId":"01a11940-6273-78a7-a456-3cd9e90bdc94"}
{"name":"worker","pid":221,"phase":"RUN_GRADLEW","buildId":"6d711126-4c0b-46e1-95b4-2c0c51b4efc4","source":"stdout","level":30,"msg":"> Task :expo-constants:mergeReleaseJniLibFolders","time":"2026-10-08T02:03:32.339Z","v":0,"logId":"01a11940-6273-78a7-a456-3cdaf44bc01f"}
{"name":"worker","pid":221,"phase":"RUN_GRADLEW","buildId":"6d711126-4c0b-46e1-95b4-2c0c51b4efc4","source":"stdout","level":30,"msg":"> Task :expo-constants:mergeReleaseNativeLibs NO-SOURCE","time":"2026-10-08T02:03:32.340Z","v":0,"logId":"01a11940-6274-7329-bf97-ca6231c062f0"}
{"name":"worker","pid":221,"phase":"RUN_GRADLEW","buildId":"6d711126-4c0b-46e1-95b4-2c0c51b4efc4","source":"stdout","level":30,"msg":"> Task :expo-constants:copyReleaseJniLibsProjectOnly","time":"2026-10-08T02:03:32.340Z","v":0,"logId":"01a11940-6274-7329-bf97-ca6361c5d510"}
{"name":"worker","pid":221,"phase":"RUN_GRADLEW","buildId":"6d711126-4c0b-46e1-95b4-2c0c51b4efc4","source":"stdout","level":30,"msg":"> Task :expo-dev-client:preReleaseBuild UP-TO-DATE","time":"2026-10-08T02:03:32.340Z","v":0,"logId":"01a11940-6274-7329-bf97-ca649db16d03"}
{"name":"worker","pid":221,"phase":"RUN_GRADLEW","buildId":"6d711126-4c0b-46e1-95b4-2c0c51b4efc4","source":"stdout","level":30,"msg":"> Task :expo-dev-client:mergeReleaseJniLibFolders","time":"2026-10-08T02:03:32.340Z","v":0,"logId":"01a11940-6274-7329-bf97-ca65b1c015a6"}
{"name":"worker","pid":221,"phase":"RUN_GRADLEW","buildId":"6d711126-4c0b-46e1-95b4-2c0c51b4efc4","source":"stdout","level":30,"msg":"> Task :expo-dev-client:mergeReleaseNativeLibs NO-SOURCE","time":"2026-10-08T02:03:32.340Z","v":0,"logId":"01a11940-6274-7329-bf97-ca667194b137"}
{"name":"worker","pid":221,"phase":"RUN_GRADLEW","buildId":"6d711126-4c0b-46e1-95b4-2c0c51b4efc4","source":"stdout","level":30,"msg":"> Task :expo-dev-client:copyReleaseJniLibsProjectOnly","time":"2026-10-08T02:03:32.340Z","v":0,"logId":"01a11940-6274-7329-bf97-ca67c104aab8"}
{"name":"worker","pid":221,"phase":"RUN_GRADLEW","buildId":"6d711126-4c0b-46e1-95b4-2c0c51b4efc4","source":"stdout","level":30,"msg":"> Task :expo-dev-launcher:preReleaseBuild UP-TO-DATE","time":"2026-10-08T02:03:32.340Z","v":0,"logId":"01a11940-6274-7329-bf97-ca68d9ba6c3b"}
{"name":"worker","pid":221,"phase":"RUN_GRADLEW","buildId":"6d711126-4c0b-46e1-95b4-2c0c51b4efc4","source":"stdout","level":30,"msg":"> Task :expo-dev-launcher:mergeReleaseJniLibFolders","time":"2026-10-08T02:03:32.341Z","v":0,"logId":"01a11940-6275-7091-a037-b46d92e026cd"}
{"name":"worker","pid":221,"phase":"RUN_GRADLEW","buildId":"6d711126-4c0b-46e1-95b4-2c0c51b4efc4","source":"stdout","level":30,"msg":"> Task :expo-dev-launcher:mergeReleaseNativeLibs NO-SOURCE","time":"2026-10-08T02:03:32.341Z","v":0,"logId":"01a11940-6275-7091-a037-b46e2dfce485"}
{"name":"worker","pid":221,"phase":"RUN_GRADLEW","buildId":"6d711126-4c0b-46e1-95b4-2c0c51b4efc4","source":"stdout","level":30,"msg":"> Task :expo-dev-launcher:copyReleaseJniLibsProjectOnly","time":"2026-10-08T02:03:32.341Z","v":0,"logId":"01a11940-6275-7091-a037-b46f7c84cb58"}
{"name":"worker","pid":221,"phase":"RUN_GRADLEW","buildId":"6d711126-4c0b-46e1-95b4-2c0c51b4efc4","source":"stdout","level":30,"msg":"> Task :expo-dev-menu:preReleaseBuild UP-TO-DATE","time":"2026-10-08T02:03:32.341Z","v":0,"logId":"01a11940-6275-7091-a037-b47006594514"}
{"name":"worker","pid":221,"phase":"RUN_GRADLEW","buildId":"6d711126-4c0b-46e1-95b4-2c0c51b4efc4","source":"stdout","level":30,"msg":"> Task :expo-dev-menu:mergeReleaseJniLibFolders","time":"2026-10-08T02:03:32.341Z","v":0,"logId":"01a11940-6275-7091-a037-b471eaaee439"}
{"name":"worker","pid":221,"phase":"RUN_GRADLEW","buildId":"6d711126-4c0b-46e1-95b4-2c0c51b4efc4","source":"stdout","level":30,"msg":"> Task :expo-dev-menu:mergeReleaseNativeLibs NO-SOURCE","time":"2026-10-08T02:03:32.341Z","v":0,"logId":"01a11940-6276-7b87-a16e-f43bc46e3a0a"}
{"name":"worker","pid":221,"phase":"RUN_GRADLEW","buildId":"6d711126-4c0b-46e1-95b4-2c0c51b4efc4","source":"stdout","level":30,"msg":"> Task :expo-dev-menu:copyReleaseJniLibsProjectOnly","time":"2026-10-08T02:03:32.342Z","v":0,"logId":"01a11940-6276-7b87-a16e-f43c67fda04e"}
{"name":"worker","pid":221,"phase":"RUN_GRADLEW","buildId":"6d711126-4c0b-46e1-95b4-2c0c51b4efc4","source":"stdout","level":30,"msg":"> Task :expo-dev-menu-interface:preReleaseBuild UP-TO-DATE","time":"2026-10-08T02:03:32.441Z","v":0,"logId":"01a11940-62da-7c80-815e-882b020ffc98"}
{"name":"worker","pid":221,"phase":"RUN_GRADLEW","buildId":"6d711126-4c0b-46e1-95b4-2c0c51b4efc4","source":"stdout","level":30,"msg":"> Task :expo-dev-menu-interface:mergeReleaseJniLibFolders","time":"2026-10-08T02:03:32.442Z","v":0,"logId":"01a11940-62db-7697-bafc-08f1fad5c129"}
{"name":"worker","pid":221,"phase":"RUN_GRADLEW","buildId":"6d711126-4c0b-46e1-95b4-2c0c51b4efc4","source":"stdout","level":30,"msg":"> Task :expo-dev-menu-interface:mergeReleaseNativeLibs NO-SOURCE","time":"2026-10-08T02:03:32.443Z","v":0,"logId":"01a11940-62db-7697-bafc-08f2fd889884"}
{"name":"worker","pid":221,"phase":"RUN_GRADLEW","buildId":"6d711126-4c0b-46e1-95b4-2c0c51b4efc4","source":"stdout","level":30,"msg":"> Task :expo-dev-menu-interface:copyReleaseJniLibsProjectOnly","time":"2026-10-08T02:03:32.443Z","v":0,"logId":"01a11940-62db-7697-bafc-08f3d384f088"}
{"name":"worker","pid":221,"phase":"RUN_GRADLEW","buildId":"6d711126-4c0b-46e1-95b4-2c0c51b4efc4","source":"stdout","level":30,"msg":"> Task :expo-json-utils:preReleaseBuild UP-TO-DATE","time":"2026-10-08T02:03:32.444Z","v":0,"logId":"01a11940-62dc-7b83-9e2e-1766dd50171c"}
{"name":"worker","pid":221,"phase":"RUN_GRADLEW","buildId":"6d711126-4c0b-46e1-95b4-2c0c51b4efc4","source":"stdout","level":30,"msg":"> Task :expo-json-utils:mergeReleaseJniLibFolders","time":"2026-10-08T02:03:32.444Z","v":0,"logId":"01a11940-62dc-7b83-9e2e-1767f54e0fab"}
{"name":"worker","pid":221,"phase":"RUN_GRADLEW","buildId":"6d711126-4c0b-46e1-95b4-2c0c51b4efc4","source":"stdout","level":30,"msg":"> Task :expo-json-utils:mergeReleaseNativeLibs NO-SOURCE","time":"2026-10-08T02:03:32.444Z","v":0,"logId":"01a11940-62dc-7b83-9e2e-1768d8d257a4"}
{"name":"worker","pid":221,"phase":"RUN_GRADLEW","buildId":"6d711126-4c0b-46e1-95b4-2c0c51b4efc4","source":"stdout","level":30,"msg":"> Task :expo-json-utils:copyReleaseJniLibsProjectOnly","time":"2026-10-08T02:03:32.444Z","v":0,"logId":"01a11940-62dc-7b83-9e2e-1769fd6b2a1a"}
{"name":"worker","pid":221,"phase":"RUN_GRADLEW","buildId":"6d711126-4c0b-46e1-95b4-2c0c51b4efc4","source":"stdout","level":30,"msg":"> Task :expo-log-box:preReleaseBuild UP-TO-DATE","time":"2026-10-08T02:03:32.444Z","v":0,"logId":"01a11940-62dc-7b83-9e2e-176a268df9c8"}
{"name":"worker","pid":221,"phase":"RUN_GRADLEW","buildId":"6d711126-4c0b-46e1-95b4-2c0c51b4efc4","source":"stdout","level":30,"msg":"> Task :expo-log-box:mergeReleaseJniLibFolders","time":"2026-10-08T02:03:32.444Z","v":0,"logId":"01a11940-62dc-7b83-9e2e-176b9a1d18d9"}
{"name":"worker","pid":221,"phase":"RUN_GRADLEW","buildId":"6d711126-4c0b-46e1-95b4-2c0c51b4efc4","source":"stdout","level":30,"msg":"> Task :expo-log-box:mergeReleaseNativeLibs NO-SOURCE","time":"2026-10-08T02:03:32.444Z","v":0,"logId":"01a11940-62dc-7b83-9e2e-176c38ccf99f"}
{"name":"worker","pid":221,"phase":"RUN_GRADLEW","buildId":"6d711126-4c0b-46e1-95b4-2c0c51b4efc4","source":"stdout","level":30,"msg":"> Task :expo-log-box:copyReleaseJniLibsProjectOnly","time":"2026-10-08T02:03:32.444Z","v":0,"logId":"01a11940-62dc-7b83-9e2e-176d677dfb15"}
{"name":"worker","pid":221,"phase":"RUN_GRADLEW","buildId":"6d711126-4c0b-46e1-95b4-2c0c51b4efc4","source":"stdout","level":30,"msg":"> Task :expo-manifests:preReleaseBuild UP-TO-DATE","time":"2026-10-08T02:03:32.444Z","v":0,"logId":"01a11940-62dc-7b83-9e2e-176e2281749e"}
{"name":"worker","pid":221,"phase":"RUN_GRADLEW","buildId":"6d711126-4c0b-46e1-95b4-2c0c51b4efc4","source":"stdout","level":30,"msg":"> Task :expo-manifests:mergeReleaseJniLibFolders","time":"2026-10-08T02:03:32.445Z","v":0,"logId":"01a11940-62dd-79dc-b3eb-b6a01421b0d2"}
{"name":"worker","pid":221,"phase":"RUN_GRADLEW","buildId":"6d711126-4c0b-46e1-95b4-2c0c51b4efc4","source":"stdout","level":30,"msg":"> Task :expo-manifests:mergeReleaseNativeLibs NO-SOURCE","time":"2026-10-08T02:03:32.445Z","v":0,"logId":"01a11940-62dd-79dc-b3eb-b6a1395d24fd"}
{"name":"worker","pid":221,"phase":"RUN_GRADLEW","buildId":"6d711126-4c0b-46e1-95b4-2c0c51b4efc4","source":"stdout","level":30,"msg":"> Task :expo-manifests:copyReleaseJniLibsProjectOnly","time":"2026-10-08T02:03:32.445Z","v":0,"logId":"01a11940-62dd-79dc-b3eb-b6a2be1f5cff"}
{"name":"worker","pid":221,"phase":"RUN_GRADLEW","buildId":"6d711126-4c0b-46e1-95b4-2c0c51b4efc4","source":"stdout","level":30,"msg":"> Task :expo-modules-core:preReleaseBuild UP-TO-DATE","time":"2026-10-08T02:03:32.445Z","v":0,"logId":"01a11940-62dd-79dc-b3eb-b6a3b6d32685"}
{"name":"worker","pid":221,"phase":"RUN_GRADLEW","buildId":"6d711126-4c0b-46e1-95b4-2c0c51b4efc4","source":"stdout","level":30,"msg":"> Task :expo-modules-core:mergeReleaseJniLibFolders","time":"2026-10-08T02:03:32.445Z","v":0,"logId":"01a11940-62dd-79dc-b3eb-b6a40a7004c5"}
{"name":"worker","pid":221,"phase":"RUN_GRADLEW","buildId":"6d711126-4c0b-46e1-95b4-2c0c51b4efc4","source":"stdout","level":30,"msg":"> Task :expo-updates-interface:preReleaseBuild UP-TO-DATE","time":"2026-10-08T02:03:32.445Z","v":0,"logId":"01a11940-62dd-79dc-b3eb-b6a5e9a002b1"}
{"name":"worker","pid":221,"phase":"RUN_GRADLEW","buildId":"6d711126-4c0b-46e1-95b4-2c0c51b4efc4","source":"stdout","level":30,"msg":"> Task :expo-updates-interface:mergeReleaseJniLibFolders","time":"2026-10-08T02:03:32.445Z","v":0,"logId":"01a11940-62dd-79dc-b3eb-b6a6eed66e20"}
{"name":"worker","pid":221,"phase":"RUN_GRADLEW","buildId":"6d711126-4c0b-46e1-95b4-2c0c51b4efc4","source":"stdout","level":30,"msg":"> Task :expo-updates-interface:mergeReleaseNativeLibs NO-SOURCE","time":"2026-10-08T02:03:32.445Z","v":0,"logId":"01a11940-62dd-79dc-b3eb-b6a7f910632f"}
{"name":"worker","pid":221,"phase":"RUN_GRADLEW","buildId":"6d711126-4c0b-46e1-95b4-2c0c51b4efc4","source":"stdout","level":30,"msg":"> Task :expo-updates-interface:copyReleaseJniLibsProjectOnly","time":"2026-10-08T02:03:32.445Z","v":0,"logId":"01a11940-62dd-79dc-b3eb-b6a8b65e8c9f"}
{"name":"worker","pid":221,"phase":"RUN_GRADLEW","buildId":"6d711126-4c0b-46e1-95b4-2c0c51b4efc4","source":"stdout","level":30,"msg":"> Task :react-native-async-storage_async-storage:preReleaseBuild","time":"2026-10-08T02:03:32.445Z","v":0,"logId":"01a11940-62dd-79dc-b3eb-b6a9b4993587"}
{"name":"worker","pid":221,"phase":"RUN_GRADLEW","buildId":"6d711126-4c0b-46e1-95b4-2c0c51b4efc4","source":"stdout","level":30,"msg":"> Task :react-native-async-storage_async-storage:mergeReleaseJniLibFolders","time":"2026-10-08T02:03:32.445Z","v":0,"logId":"01a11940-62dd-79dc-b3eb-b6aa1adcfbf5"}
{"name":"worker","pid":221,"phase":"RUN_GRADLEW","buildId":"6d711126-4c0b-46e1-95b4-2c0c51b4efc4","source":"stdout","level":30,"msg":"> Task :react-native-async-storage_async-storage:mergeReleaseNativeLibs NO-SOURCE","time":"2026-10-08T02:03:32.445Z","v":0,"logId":"01a11940-62dd-79dc-b3eb-b6ab65631967"}
{"name":"worker","pid":221,"phase":"RUN_GRADLEW","buildId":"6d711126-4c0b-46e1-95b4-2c0c51b4efc4","source":"stdout","level":30,"msg":"> Task :react-native-async-storage_async-storage:copyReleaseJniLibsProjectOnly","time":"2026-10-08T02:03:32.445Z","v":0,"logId":"01a11940-62dd-79dc-b3eb-b6ac9badd57f"}
{"name":"worker","pid":221,"phase":"RUN_GRADLEW","buildId":"6d711126-4c0b-46e1-95b4-2c0c51b4efc4","source":"stdout","level":30,"msg":"> Task :react-native-gesture-handler:preReleaseBuild","time":"2026-10-08T02:03:32.445Z","v":0,"logId":"01a11940-62dd-79dc-b3eb-b6ad9475d56e"}
{"name":"worker","pid":221,"phase":"RUN_GRADLEW","buildId":"6d711126-4c0b-46e1-95b4-2c0c51b4efc4","source":"stdout","level":30,"msg":"> Task :react-native-gesture-handler:mergeReleaseJniLibFolders","time":"2026-10-08T02:03:32.445Z","v":0,"logId":"01a11940-62dd-79dc-b3eb-b6ae064074c6"}
{"name":"worker","pid":221,"phase":"RUN_GRADLEW","buildId":"6d711126-4c0b-46e1-95b4-2c0c51b4efc4","source":"stdout","level":30,"msg":"> Task :react-native-masked-view_masked-view:preReleaseBuild UP-TO-DATE","time":"2026-10-08T02:03:32.445Z","v":0,"logId":"01a11940-62dd-79dc-b3eb-b6afb839e2db"}
{"name":"worker","pid":221,"phase":"RUN_GRADLEW","buildId":"6d711126-4c0b-46e1-95b4-2c0c51b4efc4","source":"stdout","level":30,"msg":"> Task :react-native-masked-view_masked-view:mergeReleaseJniLibFolders","time":"2026-10-08T02:03:32.445Z","v":0,"logId":"01a11940-62dd-79dc-b3eb-b6b09f8d08e8"}
{"name":"worker","pid":221,"phase":"RUN_GRADLEW","buildId":"6d711126-4c0b-46e1-95b4-2c0c51b4efc4","source":"stdout","level":30,"msg":"> Task :react-native-masked-view_masked-view:mergeReleaseNativeLibs NO-SOURCE","time":"2026-10-08T02:03:32.445Z","v":0,"logId":"01a11940-62dd-79dc-b3eb-b6b1cd67faa8"}
{"name":"worker","pid":221,"phase":"RUN_GRADLEW","buildId":"6d711126-4c0b-46e1-95b4-2c0c51b4efc4","source":"stdout","level":30,"msg":"> Task :react-native-masked-view_masked-view:copyReleaseJniLibsProjectOnly","time":"2026-10-08T02:03:32.445Z","v":0,"logId":"01a11940-62dd-79dc-b3eb-b6b28934fa30"}
{"name":"worker","pid":221,"phase":"RUN_GRADLEW","buildId":"6d711126-4c0b-46e1-95b4-2c0c51b4efc4","source":"stdout","level":30,"msg":"> Task :react-native-nitro-google-signin:preReleaseBuild","time":"2026-10-08T02:03:32.542Z","v":0,"logId":"01a11940-633e-723f-bfe7-24ea7c06149d"}
{"name":"worker","pid":221,"phase":"RUN_GRADLEW","buildId":"6d711126-4c0b-46e1-95b4-2c0c51b4efc4","source":"stdout","level":30,"msg":"> Task :react-native-svg:generateCodegenArtifactsFromSchema","time":"2026-10-08T02:03:32.543Z","v":0,"logId":"01a11940-633f-7521-b78f-ae8a450d2aa0"}
{"name":"worker","pid":221,"phase":"RUN_GRADLEW","buildId":"6d711126-4c0b-46e1-95b4-2c0c51b4efc4","source":"stdout","level":30,"msg":"> Task :react-native-svg:preBuild","time":"2026-10-08T02:03:32.543Z","v":0,"logId":"01a11940-633f-7521-b78f-ae8bbaa2ff5c"}
{"name":"worker","pid":221,"phase":"RUN_GRADLEW","buildId":"6d711126-4c0b-46e1-95b4-2c0c51b4efc4","source":"stdout","level":30,"msg":"> Task :react-native-nitro-google-signin:mergeReleaseJniLibFolders","time":"2026-10-08T02:03:32.543Z","v":0,"logId":"01a11940-633f-7521-b78f-ae8c52660a14"}
{"name":"worker","pid":221,"phase":"RUN_GRADLEW","buildId":"6d711126-4c0b-46e1-95b4-2c0c51b4efc4","source":"stdout","level":30,"msg":"> Task :react-native-safe-area-context:preReleaseBuild","time":"2026-10-08T02:03:32.543Z","v":0,"logId":"01a11940-633f-7521-b78f-ae8d8ea09dba"}
{"name":"worker","pid":221,"phase":"RUN_GRADLEW","buildId":"6d711126-4c0b-46e1-95b4-2c0c51b4efc4","source":"stdout","level":30,"msg":"> Task :react-native-reanimated:mergeReleaseJniLibFolders","time":"2026-10-08T02:03:32.543Z","v":0,"logId":"01a11940-633f-7521-b78f-ae8e208f4d9b"}
{"name":"worker","pid":221,"phase":"RUN_GRADLEW","buildId":"6d711126-4c0b-46e1-95b4-2c0c51b4efc4","source":"stdout","level":30,"msg":"> Task :react-native-screens:preReleaseBuild","time":"2026-10-08T02:03:32.543Z","v":0,"logId":"01a11940-633f-7521-b78f-ae8f2d6471a4"}
{"name":"worker","pid":221,"phase":"RUN_GRADLEW","buildId":"6d711126-4c0b-46e1-95b4-2c0c51b4efc4","source":"stdout","level":30,"msg":"> Task :react-native-safe-area-context:mergeReleaseJniLibFolders","time":"2026-10-08T02:03:32.543Z","v":0,"logId":"01a11940-633f-7521-b78f-ae903683f6d5"}
{"name":"worker","pid":221,"phase":"RUN_GRADLEW","buildId":"6d711126-4c0b-46e1-95b4-2c0c51b4efc4","source":"stdout","level":30,"msg":"> Task :react-native-safe-area-context:mergeReleaseNativeLibs NO-SOURCE","time":"2026-10-08T02:03:32.543Z","v":0,"logId":"01a11940-633f-7521-b78f-ae91bd11a345"}
{"name":"worker","pid":221,"phase":"RUN_GRADLEW","buildId":"6d711126-4c0b-46e1-95b4-2c0c51b4efc4","source":"stdout","level":30,"msg":"> Task :react-native-safe-area-context:copyReleaseJniLibsProjectOnly","time":"2026-10-08T02:03:32.543Z","v":0,"logId":"01a11940-633f-7521-b78f-ae92de81343b"}
{"name":"worker","pid":221,"phase":"RUN_GRADLEW","buildId":"6d711126-4c0b-46e1-95b4-2c0c51b4efc4","source":"stdout","level":30,"msg":"> Task :react-native-svg:preReleaseBuild","time":"2026-10-08T02:03:32.543Z","v":0,"logId":"01a11940-633f-7521-b78f-ae93b750c382"}
{"name":"worker","pid":221,"phase":"RUN_GRADLEW","buildId":"6d711126-4c0b-46e1-95b4-2c0c51b4efc4","source":"stdout","level":30,"msg":"> Task :react-native-svg:mergeReleaseJniLibFolders","time":"2026-10-08T02:03:32.543Z","v":0,"logId":"01a11940-6340-7153-8777-5999dea5093d"}
{"name":"worker","pid":221,"phase":"RUN_GRADLEW","buildId":"6d711126-4c0b-46e1-95b4-2c0c51b4efc4","source":"stdout","level":30,"msg":"> Task :react-native-svg:mergeReleaseNativeLibs NO-SOURCE","time":"2026-10-08T02:03:32.544Z","v":0,"logId":"01a11940-6340-7153-8777-599a94d4b75d"}
{"name":"worker","pid":221,"phase":"RUN_GRADLEW","buildId":"6d711126-4c0b-46e1-95b4-2c0c51b4efc4","source":"stdout","level":30,"msg":"> Task :react-native-svg:copyReleaseJniLibsProjectOnly","time":"2026-10-08T02:03:32.544Z","v":0,"logId":"01a11940-6340-7153-8777-599bb8ea3dd7"}
{"name":"worker","pid":221,"phase":"RUN_GRADLEW","buildId":"6d711126-4c0b-46e1-95b4-2c0c51b4efc4","source":"stdout","level":30,"msg":"> Task :react-native-gesture-handler:checkKotlinGradlePluginConfigurationErrors SKIPPED","time":"2026-10-08T02:03:32.544Z","v":0,"logId":"01a11940-6340-7153-8777-599c86843de5"}
{"name":"worker","pid":221,"phase":"RUN_GRADLEW","buildId":"6d711126-4c0b-46e1-95b4-2c0c51b4efc4","source":"stdout","level":30,"msg":"> Task :react-native-gesture-handler:generateReleaseBuildConfig","time":"2026-10-08T02:03:32.544Z","v":0,"logId":"01a11940-6340-7153-8777-599d80c33e14"}
{"name":"worker","pid":221,"phase":"RUN_GRADLEW","buildId":"6d711126-4c0b-46e1-95b4-2c0c51b4efc4","source":"stdout","level":30,"msg":"> Task :react-native-worklets:generateCodegenArtifactsFromSchema","time":"2026-10-08T02:03:32.544Z","v":0,"logId":"01a11940-6340-7153-8777-599ea81c1be6"}
{"name":"worker","pid":221,"phase":"RUN_GRADLEW","buildId":"6d711126-4c0b-46e1-95b4-2c0c51b4efc4","source":"stdout","level":30,"msg":"> Task :react-native-gesture-handler:generateReleaseResValues","time":"2026-10-08T02:03:32.544Z","v":0,"logId":"01a11940-6340-7153-8777-599fd3232058"}
{"name":"worker","pid":221,"phase":"RUN_GRADLEW","buildId":"6d711126-4c0b-46e1-95b4-2c0c51b4efc4","source":"stdout","level":30,"msg":"> Task :react-native-gesture-handler:generateReleaseResources","time":"2026-10-08T02:03:32.544Z","v":0,"logId":"01a11940-6340-7153-8777-59a07dc284bd"}
{"name":"worker","pid":221,"phase":"RUN_GRADLEW","buildId":"6d711126-4c0b-46e1-95b4-2c0c51b4efc4","source":"stdout","level":30,"msg":"> Task :react-native-worklets:prepareWorkletsHeadersForPrefabs","time":"2026-10-08T02:03:32.639Z","v":0,"logId":"01a11940-639f-7f1d-ac12-75b717640c0a"}
{"name":"worker","pid":221,"phase":"RUN_GRADLEW","buildId":"6d711126-4c0b-46e1-95b4-2c0c51b4efc4","source":"stdout","level":30,"msg":"> Task :react-native-worklets:preBuild","time":"2026-10-08T02:03:32.639Z","v":0,"logId":"01a11940-63a0-76ed-a0a4-41cd09347639"}
{"name":"worker","pid":221,"phase":"RUN_GRADLEW","buildId":"6d711126-4c0b-46e1-95b4-2c0c51b4efc4","source":"stdout","level":30,"msg":"> Task :app:preBuild","time":"2026-10-08T02:03:32.640Z","v":0,"logId":"01a11940-63a0-76ed-a0a4-41ce0814c62d"}
{"name":"worker","pid":221,"phase":"RUN_GRADLEW","buildId":"6d711126-4c0b-46e1-95b4-2c0c51b4efc4","source":"stdout","level":30,"msg":"> Task :app:preReleaseBuild","time":"2026-10-08T02:03:32.640Z","v":0,"logId":"01a11940-63a0-76ed-a0a4-41cf634e8bf8"}
{"name":"worker","pid":221,"phase":"RUN_GRADLEW","buildId":"6d711126-4c0b-46e1-95b4-2c0c51b4efc4","source":"stdout","level":30,"msg":"> Task :react-native-gesture-handler:packageReleaseResources","time":"2026-10-08T02:03:32.640Z","v":0,"logId":"01a11940-63a0-76ed-a0a4-41d0c6ee655f"}
{"name":"worker","pid":221,"phase":"RUN_GRADLEW","buildId":"6d711126-4c0b-46e1-95b4-2c0c51b4efc4","source":"stdout","level":30,"msg":"> Task :react-native-worklets:preReleaseBuild","time":"2026-10-08T02:03:32.640Z","v":0,"logId":"01a11940-63a0-76ed-a0a4-41d1d182d09e"}
{"name":"worker","pid":221,"phase":"RUN_GRADLEW","buildId":"6d711126-4c0b-46e1-95b4-2c0c51b4efc4","source":"stdout","level":30,"msg":"> Task :app:mergeReleaseJniLibFolders","time":"2026-10-08T02:03:32.640Z","v":0,"logId":"01a11940-63a0-76ed-a0a4-41d298f4e8ba"}
{"name":"worker","pid":221,"phase":"RUN_GRADLEW","buildId":"6d711126-4c0b-46e1-95b4-2c0c51b4efc4","source":"stdout","level":30,"msg":"> Task :react-native-gesture-handler:parseReleaseLocalResources","time":"2026-10-08T02:03:33.437Z","v":0,"logId":"01a11940-66bd-72d1-92d6-f22edd45345a"}
{"name":"worker","pid":221,"phase":"RUN_GRADLEW","buildId":"6d711126-4c0b-46e1-95b4-2c0c51b4efc4","source":"stdout","level":30,"msg":"> Task :react-native-gesture-handler:generateReleaseRFile","time":"2026-10-08T02:03:33.536Z","v":0,"logId":"01a11940-6720-7d32-a0e2-90b6fdb1c484"}
{"name":"worker","pid":221,"phase":"RUN_GRADLEW","buildId":"6d711126-4c0b-46e1-95b4-2c0c51b4efc4","source":"stdout","level":30,"msg":"> Task :react-native-reanimated:checkKotlinGradlePluginConfigurationErrors","time":"2026-10-08T02:03:33.537Z","v":0,"logId":"01a11940-6721-761d-b2cf-0eed36e2bf34"}
{"name":"worker","pid":221,"phase":"RUN_GRADLEW","buildId":"6d711126-4c0b-46e1-95b4-2c0c51b4efc4","source":"stdout","level":30,"msg":"SKIPPED","time":"2026-10-08T02:03:33.537Z","v":0,"logId":"01a11940-6722-7a98-9dd5-6002fb04b9ce"}
{"name":"worker","pid":221,"phase":"RUN_GRADLEW","buildId":"6d711126-4c0b-46e1-95b4-2c0c51b4efc4","source":"stdout","level":30,"msg":"> Task :react-native-reanimated:generateReleaseBuildConfig","time":"2026-10-08T02:03:33.538Z","v":0,"logId":"01a11940-6722-7a98-9dd5-6003ee20d746"}
{"name":"worker","pid":221,"phase":"RUN_GRADLEW","buildId":"6d711126-4c0b-46e1-95b4-2c0c51b4efc4","source":"stdout","level":30,"msg":"> Task :react-native-reanimated:generateReleaseResValues","time":"2026-10-08T02:03:33.538Z","v":0,"logId":"01a11940-6722-7a98-9dd5-6004599a0a94"}
{"name":"worker","pid":221,"phase":"RUN_GRADLEW","buildId":"6d711126-4c0b-46e1-95b4-2c0c51b4efc4","source":"stdout","level":30,"msg":"> Task :react-native-reanimated:generateReleaseResources","time":"2026-10-08T02:03:33.538Z","v":0,"logId":"01a11940-6722-7a98-9dd5-600545f4c93d"}
{"name":"worker","pid":221,"phase":"RUN_GRADLEW","buildId":"6d711126-4c0b-46e1-95b4-2c0c51b4efc4","source":"stdout","level":30,"msg":"> Task :react-native-reanimated:packageReleaseResources","time":"2026-10-08T02:03:33.538Z","v":0,"logId":"01a11940-6723-786c-91cb-739d9036afeb"}
{"name":"worker","pid":221,"phase":"RUN_GRADLEW","buildId":"6d711126-4c0b-46e1-95b4-2c0c51b4efc4","source":"stdout","level":30,"msg":"> Task :react-native-reanimated:parseReleaseLocalResources","time":"2026-10-08T02:03:33.539Z","v":0,"logId":"01a11940-6723-786c-91cb-739e2754c1b5"}
{"name":"worker","pid":221,"phase":"RUN_GRADLEW","buildId":"6d711126-4c0b-46e1-95b4-2c0c51b4efc4","source":"stdout","level":30,"msg":"> Task :react-native-reanimated:generateReleaseRFile","time":"2026-10-08T02:03:33.539Z","v":0,"logId":"01a11940-6723-786c-91cb-739fc42838dd"}
{"name":"worker","pid":221,"phase":"RUN_GRADLEW","buildId":"6d711126-4c0b-46e1-95b4-2c0c51b4efc4","source":"stdout","level":30,"msg":"> Task :react-native-reanimated:javaPreCompileRelease","time":"2026-10-08T02:03:33.539Z","v":0,"logId":"01a11940-6723-786c-91cb-73a043b146c4"}
{"name":"worker","pid":221,"phase":"RUN_GRADLEW","buildId":"6d711126-4c0b-46e1-95b4-2c0c51b4efc4","source":"stdout","level":30,"msg":"> Task :react-native-svg:generateReleaseBuildConfig","time":"2026-10-08T02:03:33.539Z","v":0,"logId":"01a11940-6723-786c-91cb-73a11eda19df"}
{"name":"worker","pid":221,"phase":"RUN_GRADLEW","buildId":"6d711126-4c0b-46e1-95b4-2c0c51b4efc4","source":"stdout","level":30,"msg":"> Task :react-native-svg:generateReleaseResValues","time":"2026-10-08T02:03:33.539Z","v":0,"logId":"01a11940-6723-786c-91cb-73a2f88eb71e"}
{"name":"worker","pid":221,"phase":"RUN_GRADLEW","buildId":"6d711126-4c0b-46e1-95b4-2c0c51b4efc4","source":"stdout","level":30,"msg":"> Task :react-native-svg:generateReleaseResources","time":"2026-10-08T02:03:33.539Z","v":0,"logId":"01a11940-6723-786c-91cb-73a3acbf0eac"}
{"name":"worker","pid":221,"phase":"RUN_GRADLEW","buildId":"6d711126-4c0b-46e1-95b4-2c0c51b4efc4","source":"stdout","level":30,"msg":"> Task :react-native-svg:packageReleaseResources","time":"2026-10-08T02:03:33.539Z","v":0,"logId":"01a11940-6723-786c-91cb-73a45e4b12f0"}
{"name":"worker","pid":221,"phase":"RUN_GRADLEW","buildId":"6d711126-4c0b-46e1-95b4-2c0c51b4efc4","source":"stdout","level":30,"msg":"> Task :react-native-svg:parseReleaseLocalResources","time":"2026-10-08T02:03:33.539Z","v":0,"logId":"01a11940-6723-786c-91cb-73a5aace65dc"}
{"name":"worker","pid":221,"phase":"RUN_GRADLEW","buildId":"6d711126-4c0b-46e1-95b4-2c0c51b4efc4","source":"stdout","level":30,"msg":"> Task :react-native-svg:generateReleaseRFile","time":"2026-10-08T02:03:33.539Z","v":0,"logId":"01a11940-6723-786c-91cb-73a6ee7181a0"}
{"name":"worker","pid":221,"phase":"RUN_GRADLEW","buildId":"6d711126-4c0b-46e1-95b4-2c0c51b4efc4","source":"stdout","level":30,"msg":"> Task :react-native-svg:javaPreCompileRelease","time":"2026-10-08T02:03:33.539Z","v":0,"logId":"01a11940-6723-786c-91cb-73a7a954a3de"}
{"name":"worker","pid":221,"phase":"RUN_GRADLEW","buildId":"6d711126-4c0b-46e1-95b4-2c0c51b4efc4","source":"stdout","level":30,"msg":"> Task :react-native-nitro-modules:configureCMakeRelWithDebInfo[arm64-v8a]","time":"2026-10-08T02:03:34.043Z","v":0,"logId":"01a11940-691b-7b76-92da-e698ab8af268"}
{"name":"worker","pid":221,"phase":"RUN_GRADLEW","buildId":"6d711126-4c0b-46e1-95b4-2c0c51b4efc4","source":"stdout","level":30,"msg":"Checking the license for package CMake 3.22.1 in /home/expo/Android/Sdk/licenses","time":"2026-10-08T02:03:34.044Z","v":0,"logId":"01a11940-691c-78bc-9cba-a2039b292190"}
{"name":"worker","pid":221,"phase":"RUN_GRADLEW","buildId":"6d711126-4c0b-46e1-95b4-2c0c51b4efc4","source":"stdout","level":30,"msg":"License for package CMake 3.22.1 accepted.","time":"2026-10-08T02:03:34.044Z","v":0,"logId":"01a11940-691c-78bc-9cba-a20419d45bd5"}
{"name":"worker","pid":221,"phase":"RUN_GRADLEW","buildId":"6d711126-4c0b-46e1-95b4-2c0c51b4efc4","source":"stdout","level":30,"msg":"Preparing \"Install CMake 3.22.1 v.3.22.1\".","time":"2026-10-08T02:03:34.044Z","v":0,"logId":"01a11940-691c-78bc-9cba-a20539b9d850"}
{"name":"worker","pid":221,"phase":"RUN_GRADLEW","buildId":"6d711126-4c0b-46e1-95b4-2c0c51b4efc4","source":"stdout","level":30,"msg":"\"Install CMake 3.22.1 v.3.22.1\" ready.","time":"2026-10-08T02:03:35.538Z","v":0,"logId":"01a11940-6ef2-70ab-9a9d-d745f51b68c9"}
{"name":"worker","pid":221,"phase":"RUN_GRADLEW","buildId":"6d711126-4c0b-46e1-95b4-2c0c51b4efc4","source":"stdout","level":30,"msg":"Installing CMake 3.22.1 in /home/expo/Android/Sdk/cmake/3.22.1","time":"2026-10-08T02:03:35.539Z","v":0,"logId":"01a11940-6ef3-78be-8cf6-59501971faad"}
{"name":"worker","pid":221,"phase":"RUN_GRADLEW","buildId":"6d711126-4c0b-46e1-95b4-2c0c51b4efc4","source":"stdout","level":30,"msg":"\"Install CMake 3.22.1 v.3.22.1\" complete.","time":"2026-10-08T02:03:35.539Z","v":0,"logId":"01a11940-6ef3-78be-8cf6-595110488d4f"}
{"name":"worker","pid":221,"phase":"RUN_GRADLEW","buildId":"6d711126-4c0b-46e1-95b4-2c0c51b4efc4","source":"stdout","level":30,"msg":"\"Install CMake 3.22.1 v.3.22.1\" finished.","time":"2026-10-08T02:03:35.736Z","v":0,"logId":"01a11940-6fb8-77ac-ad01-ecaa30e259ce"}
{"name":"worker","pid":221,"phase":"RUN_GRADLEW","buildId":"6d711126-4c0b-46e1-95b4-2c0c51b4efc4","source":"stdout","level":30,"msg":"> Task :react-native-svg:compileReleaseJavaWithJavac","time":"2026-10-08T02:03:46.836Z","v":0,"logId":"01a11940-9b16-7952-b16c-bb81da2e37c5"}
{"name":"worker","pid":221,"phase":"RUN_GRADLEW","buildId":"6d711126-4c0b-46e1-95b4-2c0c51b4efc4","source":"stderr","level":30,"msg":"Note: Some input files use or override a deprecated API.","time":"2026-10-08T02:03:46.840Z","v":0,"logId":"01a11940-9b1a-7815-adfe-49611f1c865f"}
{"name":"worker","pid":221,"phase":"RUN_GRADLEW","buildId":"6d711126-4c0b-46e1-95b4-2c0c51b4efc4","source":"stderr","level":30,"msg":"Note: Recompile with -Xlint:deprecation for details.","time":"2026-10-08T02:03:46.842Z","v":0,"logId":"01a11940-9b1a-7815-adfe-49628bf57c6a"}
{"name":"worker","pid":221,"phase":"RUN_GRADLEW","buildId":"6d711126-4c0b-46e1-95b4-2c0c51b4efc4","source":"stderr","level":30,"msg":"Note: Some input files use unchecked or unsafe operations.","time":"2026-10-08T02:03:46.842Z","v":0,"logId":"01a11940-9b1b-7d45-80df-bd7f40ea2cd3"}
{"name":"worker","pid":221,"phase":"RUN_GRADLEW","buildId":"6d711126-4c0b-46e1-95b4-2c0c51b4efc4","source":"stderr","level":30,"msg":"Note: Recompile with -Xlint:unchecked for details.","time":"2026-10-08T02:03:46.844Z","v":0,"logId":"01a11940-9b1c-723c-9c27-709d6268d3f0"}
{"name":"worker","pid":221,"phase":"RUN_GRADLEW","buildId":"6d711126-4c0b-46e1-95b4-2c0c51b4efc4","source":"stdout","level":30,"msg":"> Task :react-native-svg:bundleLibCompileToJarRelease","time":"2026-10-08T02:03:46.938Z","v":0,"logId":"01a11940-9b7a-7456-8656-0d09998b5f82"}
{"name":"worker","pid":221,"phase":"RUN_GRADLEW","buildId":"6d711126-4c0b-46e1-95b4-2c0c51b4efc4","source":"stdout","level":30,"msg":"> Task :react-native-gesture-handler:javaPreCompileRelease","time":"2026-10-08T02:03:46.938Z","v":0,"logId":"01a11940-9b7a-7456-8656-0d0a809c1cbd"}
{"name":"worker","pid":221,"phase":"RUN_GRADLEW","buildId":"6d711126-4c0b-46e1-95b4-2c0c51b4efc4","source":"stdout","level":30,"msg":"> Task :react-native-nitro-google-signin:checkKotlinGradlePluginConfigurationErrors SKIPPED","time":"2026-10-08T02:03:46.938Z","v":0,"logId":"01a11940-9b7a-7456-8656-0d0b20aea742"}
{"name":"worker","pid":221,"phase":"RUN_GRADLEW","buildId":"6d711126-4c0b-46e1-95b4-2c0c51b4efc4","source":"stdout","level":30,"msg":"> Task :react-native-nitro-google-signin:generateReleaseBuildConfig","time":"2026-10-08T02:03:46.938Z","v":0,"logId":"01a11940-9b7a-7456-8656-0d0cded77a2f"}
{"name":"worker","pid":221,"phase":"RUN_GRADLEW","buildId":"6d711126-4c0b-46e1-95b4-2c0c51b4efc4","source":"stdout","level":30,"msg":"> Task :react-native-nitro-google-signin:generateReleaseResValues","time":"2026-10-08T02:03:46.938Z","v":0,"logId":"01a11940-9b7b-74a5-95a9-153ec4ee3ac3"}
{"name":"worker","pid":221,"phase":"RUN_GRADLEW","buildId":"6d711126-4c0b-46e1-95b4-2c0c51b4efc4","source":"stdout","level":30,"msg":"> Task :react-native-nitro-google-signin:generateReleaseResources","time":"2026-10-08T02:03:47.036Z","v":0,"logId":"01a11940-9bde-75ca-aa3d-f51c0875691d"}
{"name":"worker","pid":221,"phase":"RUN_GRADLEW","buildId":"6d711126-4c0b-46e1-95b4-2c0c51b4efc4","source":"stdout","level":30,"msg":"> Task :react-native-nitro-google-signin:packageReleaseResources","time":"2026-10-08T02:03:47.039Z","v":0,"logId":"01a11940-9be0-7767-b38c-23e8ed96537d"}
{"name":"worker","pid":221,"phase":"RUN_GRADLEW","buildId":"6d711126-4c0b-46e1-95b4-2c0c51b4efc4","source":"stdout","level":30,"msg":"> Task :react-native-nitro-google-signin:parseReleaseLocalResources","time":"2026-10-08T02:03:47.040Z","v":0,"logId":"01a11940-9be0-7767-b38c-23e91410b0b1"}
{"name":"worker","pid":221,"phase":"RUN_GRADLEW","buildId":"6d711126-4c0b-46e1-95b4-2c0c51b4efc4","source":"stdout","level":30,"msg":"> Task :react-native-nitro-google-signin:generateReleaseRFile","time":"2026-10-08T02:03:47.040Z","v":0,"logId":"01a11940-9be0-7767-b38c-23ea888b13c7"}
{"name":"worker","pid":221,"phase":"RUN_GRADLEW","buildId":"6d711126-4c0b-46e1-95b4-2c0c51b4efc4","source":"stdout","level":30,"msg":"> Task :react-native-nitro-google-signin:javaPreCompileRelease","time":"2026-10-08T02:03:47.040Z","v":0,"logId":"01a11940-9be0-7767-b38c-23ebe1f22f37"}
{"name":"worker","pid":221,"phase":"RUN_GRADLEW","buildId":"6d711126-4c0b-46e1-95b4-2c0c51b4efc4","source":"stdout","level":30,"msg":"> Task :react-native-safe-area-context:checkKotlinGradlePluginConfigurationErrors SKIPPED","time":"2026-10-08T02:03:47.040Z","v":0,"logId":"01a11940-9be0-7767-b38c-23eca01cc299"}
{"name":"worker","pid":221,"phase":"RUN_GRADLEW","buildId":"6d711126-4c0b-46e1-95b4-2c0c51b4efc4","source":"stdout","level":30,"msg":"> Task :react-native-safe-area-context:generateReleaseBuildConfig","time":"2026-10-08T02:03:47.041Z","v":0,"logId":"01a11940-9be2-7dab-b9ad-1e22eeff8cc8"}
{"name":"worker","pid":221,"phase":"RUN_GRADLEW","buildId":"6d711126-4c0b-46e1-95b4-2c0c51b4efc4","source":"stdout","level":30,"msg":"> Task :react-native-safe-area-context:generateReleaseResValues","time":"2026-10-08T02:03:47.042Z","v":0,"logId":"01a11940-9be2-7dab-b9ad-1e237af1a974"}
{"name":"worker","pid":221,"phase":"RUN_GRADLEW","buildId":"6d711126-4c0b-46e1-95b4-2c0c51b4efc4","source":"stdout","level":30,"msg":"> Task :react-native-safe-area-context:generateReleaseResources","time":"2026-10-08T02:03:47.042Z","v":0,"logId":"01a11940-9be3-7d25-bd3b-dc1866991ed5"}
{"name":"worker","pid":221,"phase":"RUN_GRADLEW","buildId":"6d711126-4c0b-46e1-95b4-2c0c51b4efc4","source":"stdout","level":30,"msg":"> Task :react-native-safe-area-context:packageReleaseResources","time":"2026-10-08T02:03:47.043Z","v":0,"logId":"01a11940-9be3-7d25-bd3b-dc1955508924"}
{"name":"worker","pid":221,"phase":"RUN_GRADLEW","buildId":"6d711126-4c0b-46e1-95b4-2c0c51b4efc4","source":"stdout","level":30,"msg":"> Task :react-native-safe-area-context:parseReleaseLocalResources","time":"2026-10-08T02:03:47.043Z","v":0,"logId":"01a11940-9be3-7d25-bd3b-dc1accce1edc"}
{"name":"worker","pid":221,"phase":"RUN_GRADLEW","buildId":"6d711126-4c0b-46e1-95b4-2c0c51b4efc4","source":"stdout","level":30,"msg":"> Task :react-native-safe-area-context:generateReleaseRFile","time":"2026-10-08T02:03:47.043Z","v":0,"logId":"01a11940-9be3-7d25-bd3b-dc1bf00b48e8"}
{"name":"worker","pid":221,"phase":"RUN_GRADLEW","buildId":"6d711126-4c0b-46e1-95b4-2c0c51b4efc4","source":"stdout","level":30,"msg":"> Task :react-native-screens:configureCMakeRelWithDebInfo[arm64-v8a]","time":"2026-10-08T02:03:50.236Z","v":0,"logId":"01a11940-a85c-7baa-99a2-8176413e4cef"}
{"name":"worker","pid":221,"phase":"RUN_GRADLEW","buildId":"6d711126-4c0b-46e1-95b4-2c0c51b4efc4","source":"stdout","level":30,"msg":"> Task :react-native-worklets:configureCMakeRelWithDebInfo[arm64-v8a]","time":"2026-10-08T02:03:50.336Z","v":0,"logId":"01a11940-a8c0-704a-9eae-cb1760cc82aa"}
{"name":"worker","pid":221,"phase":"RUN_GRADLEW","buildId":"6d711126-4c0b-46e1-95b4-2c0c51b4efc4","source":"stdout","level":30,"msg":"> Task :react-native-safe-area-context:compileReleaseKotlin","time":"2026-10-08T02:03:56.839Z","v":0,"logId":"01a11940-c227-7d24-a599-dd3fc8ddfdc6"}
{"name":"worker","pid":221,"phase":"RUN_GRADLEW","buildId":"6d711126-4c0b-46e1-95b4-2c0c51b4efc4","source":"stdout","level":30,"msg":"w: file:///home/expo/workingdir/build/node_modules/react-native-safe-area-context/android/src/main/java/com/th3rdwave/safeareacontext/SafeAreaProviderManager.kt:39:19 'fun getEventDispatcherForReactTag(context: ReactContext, reactTag: Int): EventDispatcher?' is deprecated. reactTag is no longer needed.","time":"2026-10-08T02:03:56.840Z","v":0,"logId":"01a11940-c228-782d-a95e-1fde9566692b"}
{"name":"worker","pid":221,"phase":"RUN_GRADLEW","buildId":"6d711126-4c0b-46e1-95b4-2c0c51b4efc4","source":"stdout","level":30,"msg":"w: file:///home/expo/workingdir/build/node_modules/react-native-safe-area-context/android/src/main/java/com/th3rdwave/safeareacontext/SafeAreaView.kt:9:8 'class UIManagerModule : ReactContextBaseJavaModule, LifecycleEventListener, UIManager' is deprecated. Deprecated in Java.","time":"2026-10-08T02:03:56.840Z","v":0,"logId":"01a11940-c229-7f85-99ae-6e69f19d3b2b"}
{"name":"worker","pid":221,"phase":"RUN_GRADLEW","buildId":"6d711126-4c0b-46e1-95b4-2c0c51b4efc4","source":"stdout","level":30,"msg":"w: file:///home/expo/workingdir/build/node_modules/react-native-safe-area-context/android/src/main/java/com/th3rdwave/safeareacontext/SafeAreaView.kt:50:54 'class UIManagerModule : ReactContextBaseJavaModule, LifecycleEventListener, UIManager' is deprecated. Deprecated in Java.","time":"2026-10-08T02:03:56.841Z","v":0,"logId":"01a11940-c229-7f85-99ae-6e6a53467e7b"}
{"name":"worker","pid":221,"phase":"RUN_GRADLEW","buildId":"6d711126-4c0b-46e1-95b4-2c0c51b4efc4","source":"stdout","level":30,"msg":"w: file:///home/expo/workingdir/build/node_modules/react-native-safe-area-context/android/src/main/java/com/th3rdwave/safeareacontext/SafeAreaView.kt:59:23 'val uiImplementation: UIImplementation!' is deprecated. Deprecated in Java.","time":"2026-10-08T02:03:56.841Z","v":0,"logId":"01a11940-c229-7f85-99ae-6e6b50215044"}
{"name":"worker","pid":221,"phase":"RUN_GRADLEW","buildId":"6d711126-4c0b-46e1-95b4-2c0c51b4efc4","source":"stdout","level":30,"msg":"w: file:///home/expo/workingdir/build/node_modules/react-native-safe-area-context/android/src/main/java/com/th3rdwave/safeareacontext/SafeAreaViewShadowNode.kt:9:32 'class LayoutShadowNode : ReactShadowNodeImpl' is deprecated. This class is part of Legacy Architecture and will be removed in a future release.","time":"2026-10-08T02:03:56.841Z","v":0,"logId":"01a11940-c22c-7292-abf9-295835da39f5"}
{"name":"worker","pid":221,"phase":"RUN_GRADLEW","buildId":"6d711126-4c0b-46e1-95b4-2c0c51b4efc4","source":"stdout","level":30,"msg":"w: file:///home/expo/workingdir/build/node_modules/react-native-safe-area-context/android/src/main/java/com/th3rdwave/safeareacontext/SafeAreaViewShadowNode.kt:110:61 'class NativeViewHierarchyOptimizer : Any' is deprecated. This class is part of Legacy Architecture and will be removed in a future release.","time":"2026-10-08T02:03:56.844Z","v":0,"logId":"01a11940-c22c-7292-abf9-29593a802a00"}
{"name":"worker","pid":221,"phase":"RUN_GRADLEW","buildId":"6d711126-4c0b-46e1-95b4-2c0c51b4efc4","source":"stdout","level":30,"msg":"> Task :react-native-safe-area-context:javaPreCompileRelease","time":"2026-10-08T02:03:57.042Z","v":0,"logId":"01a11940-c2f2-7a07-91e3-b7d57900caf3"}
{"name":"worker","pid":221,"phase":"RUN_GRADLEW","buildId":"6d711126-4c0b-46e1-95b4-2c0c51b4efc4","source":"stdout","level":30,"msg":"> Task :react-native-safe-area-context:compileReleaseJavaWithJavac","time":"2026-10-08T02:03:58.341Z","v":0,"logId":"01a11940-c805-753d-b01e-07f3b917c494"}
{"name":"worker","pid":221,"phase":"RUN_GRADLEW","buildId":"6d711126-4c0b-46e1-95b4-2c0c51b4efc4","source":"stdout","level":30,"msg":"> Task :react-native-safe-area-context:bundleLibRuntimeToDirRelease","time":"2026-10-08T02:03:58.538Z","v":0,"logId":"01a11940-c8ca-7c37-a3a0-852658e2405c"}
{"name":"worker","pid":221,"phase":"RUN_GRADLEW","buildId":"6d711126-4c0b-46e1-95b4-2c0c51b4efc4","source":"stdout","level":30,"msg":"> Task :expo:checkKotlinGradlePluginConfigurationErrors SKIPPED","time":"2026-10-08T02:04:06.340Z","v":0,"logId":"01a11940-e745-7c1a-ba16-e731a8257f19"}
{"name":"worker","pid":221,"phase":"RUN_GRADLEW","buildId":"6d711126-4c0b-46e1-95b4-2c0c51b4efc4","source":"stdout","level":30,"msg":"> Task :expo:generateReleaseBuildConfig","time":"2026-10-08T02:04:06.345Z","v":0,"logId":"01a11940-e74a-74b4-8289-dc7d21bca5f9"}
{"name":"worker","pid":221,"phase":"RUN_GRADLEW","buildId":"6d711126-4c0b-46e1-95b4-2c0c51b4efc4","source":"stdout","level":30,"msg":"> Task :expo:generateReleaseResValues","time":"2026-10-08T02:04:06.346Z","v":0,"logId":"01a11940-e74a-74b4-8289-dc7ec5299050"}
{"name":"worker","pid":221,"phase":"RUN_GRADLEW","buildId":"6d711126-4c0b-46e1-95b4-2c0c51b4efc4","source":"stdout","level":30,"msg":"> Task :expo:generateReleaseResources","time":"2026-10-08T02:04:06.347Z","v":0,"logId":"01a11940-e74b-78ce-82fd-a8a8c9899d77"}
{"name":"worker","pid":221,"phase":"RUN_GRADLEW","buildId":"6d711126-4c0b-46e1-95b4-2c0c51b4efc4","source":"stdout","level":30,"msg":"> Task :expo:packageReleaseResources","time":"2026-10-08T02:04:06.436Z","v":0,"logId":"01a11940-e7a4-75a8-b6db-f82225b8ac8e"}
{"name":"worker","pid":221,"phase":"RUN_GRADLEW","buildId":"6d711126-4c0b-46e1-95b4-2c0c51b4efc4","source":"stdout","level":30,"msg":"> Task :expo:parseReleaseLocalResources","time":"2026-10-08T02:04:06.436Z","v":0,"logId":"01a11940-e7a5-7455-9fb1-914a4a72eb48"}
{"name":"worker","pid":221,"phase":"RUN_GRADLEW","buildId":"6d711126-4c0b-46e1-95b4-2c0c51b4efc4","source":"stdout","level":30,"msg":"> Task :expo:generateReleaseRFile","time":"2026-10-08T02:04:06.538Z","v":0,"logId":"01a11940-e80b-73c7-a791-c1f22f48d3b6"}
{"name":"worker","pid":221,"phase":"RUN_GRADLEW","buildId":"6d711126-4c0b-46e1-95b4-2c0c51b4efc4","source":"stdout","level":30,"msg":"> Task :expo-constants:checkKotlinGradlePluginConfigurationErrors SKIPPED","time":"2026-10-08T02:04:06.539Z","v":0,"logId":"01a11940-e80b-73c7-a791-c1f30302b3b3"}
{"name":"worker","pid":221,"phase":"RUN_GRADLEW","buildId":"6d711126-4c0b-46e1-95b4-2c0c51b4efc4","source":"stdout","level":30,"msg":"> Task :expo-constants:generateReleaseBuildConfig","time":"2026-10-08T02:04:06.540Z","v":0,"logId":"01a11940-e80c-7763-981e-c8b5494c2b4a"}
{"name":"worker","pid":221,"phase":"RUN_GRADLEW","buildId":"6d711126-4c0b-46e1-95b4-2c0c51b4efc4","source":"stdout","level":30,"msg":"> Task :expo-constants:generateReleaseResValues","time":"2026-10-08T02:04:06.540Z","v":0,"logId":"01a11940-e80c-7763-981e-c8b6a72954c1"}
{"name":"worker","pid":221,"phase":"RUN_GRADLEW","buildId":"6d711126-4c0b-46e1-95b4-2c0c51b4efc4","source":"stdout","level":30,"msg":"> Task :expo-constants:generateReleaseResources","time":"2026-10-08T02:04:06.540Z","v":0,"logId":"01a11940-e80e-7952-8a5f-aa9730234123"}
{"name":"worker","pid":221,"phase":"RUN_GRADLEW","buildId":"6d711126-4c0b-46e1-95b4-2c0c51b4efc4","source":"stdout","level":30,"msg":"> Task :expo-constants:packageReleaseResources","time":"2026-10-08T02:04:06.641Z","v":0,"logId":"01a11940-e871-7d75-b7f8-1e5cd2aa2436"}
{"name":"worker","pid":221,"phase":"RUN_GRADLEW","buildId":"6d711126-4c0b-46e1-95b4-2c0c51b4efc4","source":"stdout","level":30,"msg":"> Task :expo-constants:parseReleaseLocalResources","time":"2026-10-08T02:04:06.642Z","v":0,"logId":"01a11940-e872-745d-b08c-3365fc465d76"}
{"name":"worker","pid":221,"phase":"RUN_GRADLEW","buildId":"6d711126-4c0b-46e1-95b4-2c0c51b4efc4","source":"stdout","level":30,"msg":"> Task :expo-constants:generateReleaseRFile","time":"2026-10-08T02:04:06.642Z","v":0,"logId":"01a11940-e872-745d-b08c-336688e24cc6"}
{"name":"worker","pid":221,"phase":"RUN_GRADLEW","buildId":"6d711126-4c0b-46e1-95b4-2c0c51b4efc4","source":"stdout","level":30,"msg":"> Task :expo-modules-core:checkKotlinGradlePluginConfigurationErrors SKIPPED","time":"2026-10-08T02:04:06.642Z","v":0,"logId":"01a11940-e872-745d-b08c-3367ca634c74"}
{"name":"worker","pid":221,"phase":"RUN_GRADLEW","buildId":"6d711126-4c0b-46e1-95b4-2c0c51b4efc4","source":"stdout","level":30,"msg":"> Task :expo-modules-core:generateReleaseBuildConfig","time":"2026-10-08T02:04:06.742Z","v":0,"logId":"01a11940-e8d6-7c19-b488-ec5deaca10de"}
{"name":"worker","pid":221,"phase":"RUN_GRADLEW","buildId":"6d711126-4c0b-46e1-95b4-2c0c51b4efc4","source":"stdout","level":30,"msg":"> Task :expo-modules-core:generateReleaseResValues","time":"2026-10-08T02:04:06.743Z","v":0,"logId":"01a11940-e8d7-7883-94b0-01266659cd44"}
{"name":"worker","pid":221,"phase":"RUN_GRADLEW","buildId":"6d711126-4c0b-46e1-95b4-2c0c51b4efc4","source":"stdout","level":30,"msg":"> Task :expo-modules-core:generateReleaseResources","time":"2026-10-08T02:04:06.743Z","v":0,"logId":"01a11940-e8d7-7883-94b0-0127a0ccc703"}
{"name":"worker","pid":221,"phase":"RUN_GRADLEW","buildId":"6d711126-4c0b-46e1-95b4-2c0c51b4efc4","source":"stdout","level":30,"msg":"> Task :expo-modules-core:packageReleaseResources","time":"2026-10-08T02:04:06.743Z","v":0,"logId":"01a11940-e8d7-7883-94b0-0128c675288e"}
{"name":"worker","pid":221,"phase":"RUN_GRADLEW","buildId":"6d711126-4c0b-46e1-95b4-2c0c51b4efc4","source":"stdout","level":30,"msg":"> Task :expo-modules-core:parseReleaseLocalResources","time":"2026-10-08T02:04:06.838Z","v":0,"logId":"01a11940-e936-744f-8437-39f24089f8b5"}
{"name":"worker","pid":221,"phase":"RUN_GRADLEW","buildId":"6d711126-4c0b-46e1-95b4-2c0c51b4efc4","source":"stdout","level":30,"msg":"> Task :expo-modules-core:generateReleaseRFile","time":"2026-10-08T02:04:06.839Z","v":0,"logId":"01a11940-e937-7cba-a110-181825e6ac78"}
{"name":"worker","pid":221,"phase":"RUN_GRADLEW","buildId":"6d711126-4c0b-46e1-95b4-2c0c51b4efc4","source":"stdout","level":30,"msg":"> Task :expo-modules-core:javaPreCompileRelease","time":"2026-10-08T02:04:06.839Z","v":0,"logId":"01a11940-e937-7cba-a110-18195b8c6c3d"}
{"name":"worker","pid":221,"phase":"RUN_GRADLEW","buildId":"6d711126-4c0b-46e1-95b4-2c0c51b4efc4","source":"stdout","level":30,"msg":"> Task :expo-constants:javaPreCompileRelease","time":"2026-10-08T02:04:06.938Z","v":0,"logId":"01a11940-e99b-779c-a7a4-6e7598c68692"}
{"name":"worker","pid":221,"phase":"RUN_GRADLEW","buildId":"6d711126-4c0b-46e1-95b4-2c0c51b4efc4","source":"stdout","level":30,"msg":"> Task :expo-dev-client:checkKotlinGradlePluginConfigurationErrors SKIPPED","time":"2026-10-08T02:04:06.939Z","v":0,"logId":"01a11940-e99b-779c-a7a4-6e764cb9ffad"}
{"name":"worker","pid":221,"phase":"RUN_GRADLEW","buildId":"6d711126-4c0b-46e1-95b4-2c0c51b4efc4","source":"stdout","level":30,"msg":"> Task :expo-dev-client:dataBindingMergeDependencyArtifactsRelease","time":"2026-10-08T02:04:07.041Z","v":0,"logId":"01a11940-ea01-790c-9f75-2a40fe89abff"}
{"name":"worker","pid":221,"phase":"RUN_GRADLEW","buildId":"6d711126-4c0b-46e1-95b4-2c0c51b4efc4","source":"stdout","level":30,"msg":"> Task :expo-dev-client:generateReleaseResValues","time":"2026-10-08T02:04:07.042Z","v":0,"logId":"01a11940-ea02-7969-a922-5091126bffc8"}
{"name":"worker","pid":221,"phase":"RUN_GRADLEW","buildId":"6d711126-4c0b-46e1-95b4-2c0c51b4efc4","source":"stdout","level":30,"msg":"> Task :expo-dev-client:generateReleaseResources","time":"2026-10-08T02:04:07.042Z","v":0,"logId":"01a11940-ea02-7969-a922-509200dd0fd8"}
{"name":"worker","pid":221,"phase":"RUN_GRADLEW","buildId":"6d711126-4c0b-46e1-95b4-2c0c51b4efc4","source":"stdout","level":30,"msg":"> Task :expo-dev-client:packageReleaseResources","time":"2026-10-08T02:04:07.136Z","v":0,"logId":"01a11940-ea60-76c9-b793-91711a6f3cd7"}
{"name":"worker","pid":221,"phase":"RUN_GRADLEW","buildId":"6d711126-4c0b-46e1-95b4-2c0c51b4efc4","source":"stdout","level":30,"msg":"> Task :expo-dev-client:parseReleaseLocalResources","time":"2026-10-08T02:04:07.137Z","v":0,"logId":"01a11940-ea64-7f2d-852b-87d77542d553"}
{"name":"worker","pid":221,"phase":"RUN_GRADLEW","buildId":"6d711126-4c0b-46e1-95b4-2c0c51b4efc4","source":"stdout","level":30,"msg":"> Task :expo-dev-client:dataBindingGenBaseClassesRelease","time":"2026-10-08T02:04:07.544Z","v":0,"logId":"01a11940-ebf8-7f2f-89fc-cd27ddfac795"}
{"name":"worker","pid":221,"phase":"RUN_GRADLEW","buildId":"6d711126-4c0b-46e1-95b4-2c0c51b4efc4","source":"stdout","level":30,"msg":"> Task :expo-dev-client:generateReleaseBuildConfig","time":"2026-10-08T02:04:07.545Z","v":0,"logId":"01a11940-ebf9-7b76-8b29-3c39589d0780"}
{"name":"worker","pid":221,"phase":"RUN_GRADLEW","buildId":"6d711126-4c0b-46e1-95b4-2c0c51b4efc4","source":"stdout","level":30,"msg":"> Task :expo-dev-client:generateReleaseRFile","time":"2026-10-08T02:04:07.546Z","v":0,"logId":"01a11940-ebfa-7383-84e1-c899dd14c571"}
{"name":"worker","pid":221,"phase":"RUN_GRADLEW","buildId":"6d711126-4c0b-46e1-95b4-2c0c51b4efc4","source":"stdout","level":30,"msg":"> Task :expo-dev-client:javaPreCompileRelease","time":"2026-10-08T02:04:07.546Z","v":0,"logId":"01a11940-ebfa-7383-84e1-c89a1b2c330c"}
{"name":"worker","pid":221,"phase":"RUN_GRADLEW","buildId":"6d711126-4c0b-46e1-95b4-2c0c51b4efc4","source":"stdout","level":30,"msg":"> Task :expo-dev-launcher:checkKotlinGradlePluginConfigurationErrors SKIPPED","time":"2026-10-08T02:04:07.546Z","v":0,"logId":"01a11940-ebfa-7383-84e1-c89b350b5742"}
{"name":"worker","pid":221,"phase":"RUN_GRADLEW","buildId":"6d711126-4c0b-46e1-95b4-2c0c51b4efc4","source":"stdout","level":30,"msg":"> Task :react-native-screens:buildCMakeRelWithDebInfo[arm64-v8a]","time":"2026-10-08T02:04:12.736Z","v":0,"logId":"01a11941-0040-7f58-bbc3-c40e531f550a"}
{"name":"worker","pid":221,"phase":"RUN_GRADLEW","buildId":"6d711126-4c0b-46e1-95b4-2c0c51b4efc4","source":"stdout","level":30,"msg":"> Task :expo-dev-launcher:dataBindingMergeDependencyArtifactsRelease","time":"2026-10-08T02:04:15.037Z","v":0,"logId":"01a11941-093d-7c28-b4da-aad6382141bb"}
{"name":"worker","pid":221,"phase":"RUN_GRADLEW","buildId":"6d711126-4c0b-46e1-95b4-2c0c51b4efc4","source":"stdout","level":30,"msg":"> Task :expo-dev-launcher:generateReleaseResValues","time":"2026-10-08T02:04:15.037Z","v":0,"logId":"01a11941-093d-7c28-b4da-aad7d6ccfe70"}
{"name":"worker","pid":221,"phase":"RUN_GRADLEW","buildId":"6d711126-4c0b-46e1-95b4-2c0c51b4efc4","source":"stdout","level":30,"msg":"> Task :expo-dev-launcher:generateReleaseResources","time":"2026-10-08T02:04:15.037Z","v":0,"logId":"01a11941-093d-7c28-b4da-aad81d7da68b"}
{"name":"worker","pid":221,"phase":"RUN_GRADLEW","buildId":"6d711126-4c0b-46e1-95b4-2c0c51b4efc4","source":"stdout","level":30,"msg":"> Task :expo-dev-launcher:packageReleaseResources","time":"2026-10-08T02:04:15.136Z","v":0,"logId":"01a11941-09a0-72cd-a461-9089ddfa0eb6"}
{"name":"worker","pid":221,"phase":"RUN_GRADLEW","buildId":"6d711126-4c0b-46e1-95b4-2c0c51b4efc4","source":"stdout","level":30,"msg":"> Task :expo-dev-launcher:parseReleaseLocalResources","time":"2026-10-08T02:04:15.136Z","v":0,"logId":"01a11941-09a0-72cd-a461-908a4e674856"}
{"name":"worker","pid":221,"phase":"RUN_GRADLEW","buildId":"6d711126-4c0b-46e1-95b4-2c0c51b4efc4","source":"stdout","level":30,"msg":"> Task :react-native-screens:configureCMakeRelWithDebInfo[armeabi-v7a]","time":"2026-10-08T02:04:15.637Z","v":0,"logId":"01a11941-0b95-7bb5-bac9-a539f0308383"}
{"name":"worker","pid":221,"phase":"RUN_GRADLEW","buildId":"6d711126-4c0b-46e1-95b4-2c0c51b4efc4","source":"stdout","level":30,"msg":"> Task :expo-dev-launcher:dataBindingGenBaseClassesRelease","time":"2026-10-08T02:04:16.636Z","v":0,"logId":"01a11941-0f7c-7f67-897a-e28c460d858b"}
{"name":"worker","pid":221,"phase":"RUN_GRADLEW","buildId":"6d711126-4c0b-46e1-95b4-2c0c51b4efc4","source":"stdout","level":30,"msg":"> Task :expo-dev-launcher:generateReleaseBuildConfig","time":"2026-10-08T02:04:16.637Z","v":0,"logId":"01a11941-0f7d-71b2-91c8-1a10b3815b6c"}
{"name":"worker","pid":221,"phase":"RUN_GRADLEW","buildId":"6d711126-4c0b-46e1-95b4-2c0c51b4efc4","source":"stdout","level":30,"msg":"> Task :expo-dev-launcher:generateReleaseRFile","time":"2026-10-08T02:04:16.736Z","v":0,"logId":"01a11941-0fe0-7b17-8907-82f52019726a"}
{"name":"worker","pid":221,"phase":"RUN_GRADLEW","buildId":"6d711126-4c0b-46e1-95b4-2c0c51b4efc4","source":"stdout","level":30,"msg":"> Task :expo-dev-launcher:javaPreCompileRelease","time":"2026-10-08T02:04:16.736Z","v":0,"logId":"01a11941-0fe1-776a-b65f-75a997289abe"}
{"name":"worker","pid":221,"phase":"RUN_GRADLEW","buildId":"6d711126-4c0b-46e1-95b4-2c0c51b4efc4","source":"stdout","level":30,"msg":"> Task :expo-dev-menu:checkKotlinGradlePluginConfigurationErrors SKIPPED","time":"2026-10-08T02:04:16.737Z","v":0,"logId":"01a11941-0fe1-776a-b65f-75aa3b208f19"}
{"name":"worker","pid":221,"phase":"RUN_GRADLEW","buildId":"6d711126-4c0b-46e1-95b4-2c0c51b4efc4","source":"stdout","level":30,"msg":"> Task :expo-dev-menu:generateReleaseBuildConfig","time":"2026-10-08T02:04:16.737Z","v":0,"logId":"01a11941-0fe1-776a-b65f-75abe0c7b44f"}
{"name":"worker","pid":221,"phase":"RUN_GRADLEW","buildId":"6d711126-4c0b-46e1-95b4-2c0c51b4efc4","source":"stdout","level":30,"msg":"> Task :expo-dev-menu:generateReleaseResValues","time":"2026-10-08T02:04:16.836Z","v":0,"logId":"01a11941-1045-797d-ab5c-b9cace8ca6c5"}
{"name":"worker","pid":221,"phase":"RUN_GRADLEW","buildId":"6d711126-4c0b-46e1-95b4-2c0c51b4efc4","source":"stdout","level":30,"msg":"> Task :expo-dev-menu:generateReleaseResources","time":"2026-10-08T02:04:16.837Z","v":0,"logId":"01a11941-1045-797d-ab5c-b9cbca60ba78"}
{"name":"worker","pid":221,"phase":"RUN_GRADLEW","buildId":"6d711126-4c0b-46e1-95b4-2c0c51b4efc4","source":"stdout","level":30,"msg":"> Task :expo-dev-menu:packageReleaseResources","time":"2026-10-08T02:04:16.838Z","v":0,"logId":"01a11941-1046-7329-a781-0ebe5f6117ec"}
{"name":"worker","pid":221,"phase":"RUN_GRADLEW","buildId":"6d711126-4c0b-46e1-95b4-2c0c51b4efc4","source":"stdout","level":30,"msg":"> Task :expo-dev-menu:parseReleaseLocalResources","time":"2026-10-08T02:04:16.945Z","v":0,"logId":"01a11941-10b1-7cae-8343-1a3d1722f2e5"}
{"name":"worker","pid":221,"phase":"RUN_GRADLEW","buildId":"6d711126-4c0b-46e1-95b4-2c0c51b4efc4","source":"stdout","level":30,"msg":"> Task :expo-dev-menu:generateReleaseRFile","time":"2026-10-08T02:04:16.946Z","v":0,"logId":"01a11941-10b2-7892-b84d-99adaf61edaa"}
{"name":"worker","pid":221,"phase":"RUN_GRADLEW","buildId":"6d711126-4c0b-46e1-95b4-2c0c51b4efc4","source":"stdout","level":30,"msg":"> Task :expo-dev-menu:javaPreCompileRelease","time":"2026-10-08T02:04:16.946Z","v":0,"logId":"01a11941-10b2-7892-b84d-99aeb0548c30"}
{"name":"worker","pid":221,"phase":"RUN_GRADLEW","buildId":"6d711126-4c0b-46e1-95b4-2c0c51b4efc4","source":"stdout","level":30,"msg":"> Task :expo-dev-menu-interface:checkKotlinGradlePluginConfigurationErrors SKIPPED","time":"2026-10-08T02:04:16.946Z","v":0,"logId":"01a11941-10b2-7892-b84d-99afdd8fdbd8"}
{"name":"worker","pid":221,"phase":"RUN_GRADLEW","buildId":"6d711126-4c0b-46e1-95b4-2c0c51b4efc4","source":"stdout","level":30,"msg":"> Task :expo-dev-menu-interface:generateReleaseBuildConfig","time":"2026-10-08T02:04:17.038Z","v":0,"logId":"01a11941-110e-79cf-adf2-55c0cc9017bc"}
{"name":"worker","pid":221,"phase":"RUN_GRADLEW","buildId":"6d711126-4c0b-46e1-95b4-2c0c51b4efc4","source":"stdout","level":30,"msg":"> Task :expo-dev-menu-interface:generateReleaseResValues","time":"2026-10-08T02:04:17.039Z","v":0,"logId":"01a11941-1112-7717-82fb-b1d9e13375ed"}
{"name":"worker","pid":221,"phase":"RUN_GRADLEW","buildId":"6d711126-4c0b-46e1-95b4-2c0c51b4efc4","source":"stdout","level":30,"msg":"> Task :expo-dev-menu-interface:generateReleaseResources","time":"2026-10-08T02:04:17.042Z","v":0,"logId":"01a11941-1112-7717-82fb-b1da7327f001"}
{"name":"worker","pid":221,"phase":"RUN_GRADLEW","buildId":"6d711126-4c0b-46e1-95b4-2c0c51b4efc4","source":"stdout","level":30,"msg":"> Task :expo-dev-menu-interface:packageReleaseResources","time":"2026-10-08T02:04:17.136Z","v":0,"logId":"01a11941-1171-7ecd-a0a6-2336e17fd8d2"}
{"name":"worker","pid":221,"phase":"RUN_GRADLEW","buildId":"6d711126-4c0b-46e1-95b4-2c0c51b4efc4","source":"stdout","level":30,"msg":"> Task :expo-dev-menu-interface:parseReleaseLocalResources","time":"2026-10-08T02:04:17.137Z","v":0,"logId":"01a11941-1171-7ecd-a0a6-233736d33c3b"}
{"name":"worker","pid":221,"phase":"RUN_GRADLEW","buildId":"6d711126-4c0b-46e1-95b4-2c0c51b4efc4","source":"stdout","level":30,"msg":"> Task :expo-dev-menu-interface:generateReleaseRFile","time":"2026-10-08T02:04:17.238Z","v":0,"logId":"01a11941-11d7-781a-90b4-34d41abdef74"}
{"name":"worker","pid":221,"phase":"RUN_GRADLEW","buildId":"6d711126-4c0b-46e1-95b4-2c0c51b4efc4","source":"stdout","level":30,"msg":"> Task :expo-dev-menu-interface:javaPreCompileRelease","time":"2026-10-08T02:04:17.239Z","v":0,"logId":"01a11941-11d7-781a-90b4-34d5289b4afc"}
{"name":"worker","pid":221,"phase":"RUN_GRADLEW","buildId":"6d711126-4c0b-46e1-95b4-2c0c51b4efc4","source":"stdout","level":30,"msg":"> Task :expo-json-utils:checkKotlinGradlePluginConfigurationErrors SKIPPED","time":"2026-10-08T02:04:17.239Z","v":0,"logId":"01a11941-11d7-781a-90b4-34d6251ccc76"}
{"name":"worker","pid":221,"phase":"RUN_GRADLEW","buildId":"6d711126-4c0b-46e1-95b4-2c0c51b4efc4","source":"stdout","level":30,"msg":"> Task :expo-json-utils:generateReleaseBuildConfig","time":"2026-10-08T02:04:17.239Z","v":0,"logId":"01a11941-11d7-781a-90b4-34d78aa2288b"}
{"name":"worker","pid":221,"phase":"RUN_GRADLEW","buildId":"6d711126-4c0b-46e1-95b4-2c0c51b4efc4","source":"stdout","level":30,"msg":"> Task :expo-json-utils:generateReleaseResValues","time":"2026-10-08T02:04:17.239Z","v":0,"logId":"01a11941-11d7-781a-90b4-34d87af17184"}
{"name":"worker","pid":221,"phase":"RUN_GRADLEW","buildId":"6d711126-4c0b-46e1-95b4-2c0c51b4efc4","source":"stdout","level":30,"msg":"> Task :expo-json-utils:generateReleaseResources","time":"2026-10-08T02:04:17.239Z","v":0,"logId":"01a11941-11d7-781a-90b4-34d953dd5b79"}
{"name":"worker","pid":221,"phase":"RUN_GRADLEW","buildId":"6d711126-4c0b-46e1-95b4-2c0c51b4efc4","source":"stdout","level":30,"msg":"> Task :expo-json-utils:packageReleaseResources","time":"2026-10-08T02:04:17.338Z","v":0,"logId":"01a11941-123b-7d9a-ae21-436fd7b86c22"}
{"name":"worker","pid":221,"phase":"RUN_GRADLEW","buildId":"6d711126-4c0b-46e1-95b4-2c0c51b4efc4","source":"stdout","level":30,"msg":"> Task :expo-json-utils:parseReleaseLocalResources","time":"2026-10-08T02:04:17.339Z","v":0,"logId":"01a11941-123b-7d9a-ae21-43701a06f04e"}
{"name":"worker","pid":221,"phase":"RUN_GRADLEW","buildId":"6d711126-4c0b-46e1-95b4-2c0c51b4efc4","source":"stdout","level":30,"msg":"> Task :expo-json-utils:generateReleaseRFile","time":"2026-10-08T02:04:17.339Z","v":0,"logId":"01a11941-123b-7d9a-ae21-4371b3db1754"}
{"name":"worker","pid":221,"phase":"RUN_GRADLEW","buildId":"6d711126-4c0b-46e1-95b4-2c0c51b4efc4","source":"stdout","level":30,"msg":"> Task :expo-json-utils:javaPreCompileRelease","time":"2026-10-08T02:04:17.441Z","v":0,"logId":"01a11941-12a1-749f-bc4f-1c4c1e42cade"}
{"name":"worker","pid":221,"phase":"RUN_GRADLEW","buildId":"6d711126-4c0b-46e1-95b4-2c0c51b4efc4","source":"stdout","level":30,"msg":"> Task :expo-log-box:checkKotlinGradlePluginConfigurationErrors SKIPPED","time":"2026-10-08T02:04:17.442Z","v":0,"logId":"01a11941-12a2-72e0-8bd7-fddb56a3eb7d"}
{"name":"worker","pid":221,"phase":"RUN_GRADLEW","buildId":"6d711126-4c0b-46e1-95b4-2c0c51b4efc4","source":"stdout","level":30,"msg":"> Task :expo-log-box:generateReleaseBuildConfig","time":"2026-10-08T02:04:17.442Z","v":0,"logId":"01a11941-12a2-72e0-8bd7-fddc6231910e"}
{"name":"worker","pid":221,"phase":"RUN_GRADLEW","buildId":"6d711126-4c0b-46e1-95b4-2c0c51b4efc4","source":"stdout","level":30,"msg":"> Task :expo-log-box:generateReleaseResValues","time":"2026-10-08T02:04:17.442Z","v":0,"logId":"01a11941-12a2-72e0-8bd7-fddd648e3bf9"}
{"name":"worker","pid":221,"phase":"RUN_GRADLEW","buildId":"6d711126-4c0b-46e1-95b4-2c0c51b4efc4","source":"stdout","level":30,"msg":"> Task :expo-log-box:generateReleaseResources","time":"2026-10-08T02:04:17.442Z","v":0,"logId":"01a11941-12a2-72e0-8bd7-fddeb7a1f5d5"}
{"name":"worker","pid":221,"phase":"RUN_GRADLEW","buildId":"6d711126-4c0b-46e1-95b4-2c0c51b4efc4","source":"stdout","level":30,"msg":"> Task :expo-log-box:packageReleaseResources","time":"2026-10-08T02:04:17.536Z","v":0,"logId":"01a11941-1300-795b-a2ee-e6c78601479e"}
{"name":"worker","pid":221,"phase":"RUN_GRADLEW","buildId":"6d711126-4c0b-46e1-95b4-2c0c51b4efc4","source":"stdout","level":30,"msg":"> Task :expo-log-box:parseReleaseLocalResources","time":"2026-10-08T02:04:17.537Z","v":0,"logId":"01a11941-1301-73c3-a3d4-3856001e7587"}
{"name":"worker","pid":221,"phase":"RUN_GRADLEW","buildId":"6d711126-4c0b-46e1-95b4-2c0c51b4efc4","source":"stdout","level":30,"msg":"> Task :expo-log-box:generateReleaseRFile","time":"2026-10-08T02:04:17.636Z","v":0,"logId":"01a11941-1364-7e45-aeb8-97b35e50eb19"}
{"name":"worker","pid":221,"phase":"RUN_GRADLEW","buildId":"6d711126-4c0b-46e1-95b4-2c0c51b4efc4","source":"stdout","level":30,"msg":"> Task :expo-log-box:javaPreCompileRelease","time":"2026-10-08T02:04:17.636Z","v":0,"logId":"01a11941-1364-7e45-aeb8-97b4843a40ee"}
{"name":"worker","pid":221,"phase":"RUN_GRADLEW","buildId":"6d711126-4c0b-46e1-95b4-2c0c51b4efc4","source":"stdout","level":30,"msg":"> Task :expo-manifests:checkKotlinGradlePluginConfigurationErrors SKIPPED","time":"2026-10-08T02:04:17.637Z","v":0,"logId":"01a11941-1365-72e7-8daa-ab6555401cf0"}
{"name":"worker","pid":221,"phase":"RUN_GRADLEW","buildId":"6d711126-4c0b-46e1-95b4-2c0c51b4efc4","source":"stdout","level":30,"msg":"> Task :expo-manifests:generateReleaseBuildConfig","time":"2026-10-08T02:04:17.637Z","v":0,"logId":"01a11941-1365-72e7-8daa-ab6619d808ce"}
{"name":"worker","pid":221,"phase":"RUN_GRADLEW","buildId":"6d711126-4c0b-46e1-95b4-2c0c51b4efc4","source":"stdout","level":30,"msg":"> Task :expo-manifests:generateReleaseResValues","time":"2026-10-08T02:04:17.637Z","v":0,"logId":"01a11941-1365-72e7-8daa-ab67744e94bf"}
{"name":"worker","pid":221,"phase":"RUN_GRADLEW","buildId":"6d711126-4c0b-46e1-95b4-2c0c51b4efc4","source":"stdout","level":30,"msg":"> Task :expo-manifests:generateReleaseResources","time":"2026-10-08T02:04:17.637Z","v":0,"logId":"01a11941-1365-72e7-8daa-ab68a7c4ecd6"}
{"name":"worker","pid":221,"phase":"RUN_GRADLEW","buildId":"6d711126-4c0b-46e1-95b4-2c0c51b4efc4","source":"stdout","level":30,"msg":"> Task :expo-manifests:packageReleaseResources","time":"2026-10-08T02:04:17.739Z","v":0,"logId":"01a11941-13cc-7f9d-804f-e19d9c871c62"}
{"name":"worker","pid":221,"phase":"RUN_GRADLEW","buildId":"6d711126-4c0b-46e1-95b4-2c0c51b4efc4","source":"stdout","level":30,"msg":"> Task :expo-manifests:parseReleaseLocalResources","time":"2026-10-08T02:04:17.741Z","v":0,"logId":"01a11941-13cd-7a8f-bb15-7b198df3b1b6"}
{"name":"worker","pid":221,"phase":"RUN_GRADLEW","buildId":"6d711126-4c0b-46e1-95b4-2c0c51b4efc4","source":"stdout","level":30,"msg":"> Task :expo-manifests:generateReleaseRFile","time":"2026-10-08T02:04:17.847Z","v":0,"logId":"01a11941-1437-7d86-97a8-75327278cacf"}
{"name":"worker","pid":221,"phase":"RUN_GRADLEW","buildId":"6d711126-4c0b-46e1-95b4-2c0c51b4efc4","source":"stdout","level":30,"msg":"> Task :expo-manifests:javaPreCompileRelease","time":"2026-10-08T02:04:17.848Z","v":0,"logId":"01a11941-1438-7490-8fc2-ccf68d458372"}
{"name":"worker","pid":221,"phase":"RUN_GRADLEW","buildId":"6d711126-4c0b-46e1-95b4-2c0c51b4efc4","source":"stdout","level":30,"msg":"> Task :expo-updates-interface:checkKotlinGradlePluginConfigurationErrors SKIPPED","time":"2026-10-08T02:04:17.848Z","v":0,"logId":"01a11941-1438-7490-8fc2-ccf7779dd91f"}
{"name":"worker","pid":221,"phase":"RUN_GRADLEW","buildId":"6d711126-4c0b-46e1-95b4-2c0c51b4efc4","source":"stdout","level":30,"msg":"> Task :expo-updates-interface:generateReleaseBuildConfig","time":"2026-10-08T02:04:17.848Z","v":0,"logId":"01a11941-1438-7490-8fc2-ccf81b78b49d"}
{"name":"worker","pid":221,"phase":"RUN_GRADLEW","buildId":"6d711126-4c0b-46e1-95b4-2c0c51b4efc4","source":"stdout","level":30,"msg":"> Task :expo-updates-interface:generateReleaseResValues","time":"2026-10-08T02:04:17.944Z","v":0,"logId":"01a11941-1498-705e-940c-95016e1dbfc5"}
{"name":"worker","pid":221,"phase":"RUN_GRADLEW","buildId":"6d711126-4c0b-46e1-95b4-2c0c51b4efc4","source":"stdout","level":30,"msg":"> Task :expo-updates-interface:generateReleaseResources","time":"2026-10-08T02:04:17.945Z","v":0,"logId":"01a11941-1499-74ca-ac9f-790b80bf368a"}
{"name":"worker","pid":221,"phase":"RUN_GRADLEW","buildId":"6d711126-4c0b-46e1-95b4-2c0c51b4efc4","source":"stdout","level":30,"msg":"> Task :expo-updates-interface:packageReleaseResources","time":"2026-10-08T02:04:18.046Z","v":0,"logId":"01a11941-14ff-796c-8d7e-b7e7034daf53"}
{"name":"worker","pid":221,"phase":"RUN_GRADLEW","buildId":"6d711126-4c0b-46e1-95b4-2c0c51b4efc4","source":"stdout","level":30,"msg":"> Task :expo-updates-interface:parseReleaseLocalResources","time":"2026-10-08T02:04:18.047Z","v":0,"logId":"01a11941-14ff-796c-8d7e-b7e84daf5a76"}
{"name":"worker","pid":221,"phase":"RUN_GRADLEW","buildId":"6d711126-4c0b-46e1-95b4-2c0c51b4efc4","source":"stdout","level":30,"msg":"> Task :expo-updates-interface:generateReleaseRFile","time":"2026-10-08T02:04:18.138Z","v":0,"logId":"01a11941-155a-7e99-8a5f-ab7b56d4a2dc"}
{"name":"worker","pid":221,"phase":"RUN_GRADLEW","buildId":"6d711126-4c0b-46e1-95b4-2c0c51b4efc4","source":"stdout","level":30,"msg":"> Task :expo-updates-interface:javaPreCompileRelease","time":"2026-10-08T02:04:18.139Z","v":0,"logId":"01a11941-155b-7923-985b-f484178f4b66"}
{"name":"worker","pid":221,"phase":"RUN_GRADLEW","buildId":"6d711126-4c0b-46e1-95b4-2c0c51b4efc4","source":"stdout","level":30,"msg":"> Task :expo:javaPreCompileRelease","time":"2026-10-08T02:04:18.139Z","v":0,"logId":"01a11941-155b-7923-985b-f48539fc337d"}
{"name":"worker","pid":221,"phase":"RUN_GRADLEW","buildId":"6d711126-4c0b-46e1-95b4-2c0c51b4efc4","source":"stdout","level":30,"msg":"> Task :react-native-async-storage_async-storage:generateReleaseBuildConfig","time":"2026-10-08T02:04:18.139Z","v":0,"logId":"01a11941-155b-7923-985b-f486a61005e7"}
{"name":"worker","pid":221,"phase":"RUN_GRADLEW","buildId":"6d711126-4c0b-46e1-95b4-2c0c51b4efc4","source":"stdout","level":30,"msg":"> Task :react-native-async-storage_async-storage:generateReleaseResValues","time":"2026-10-08T02:04:18.139Z","v":0,"logId":"01a11941-155b-7923-985b-f4877357c631"}
{"name":"worker","pid":221,"phase":"RUN_GRADLEW","buildId":"6d711126-4c0b-46e1-95b4-2c0c51b4efc4","source":"stdout","level":30,"msg":"> Task :react-native-async-storage_async-storage:generateReleaseResources","time":"2026-10-08T02:04:18.241Z","v":0,"logId":"01a11941-15c1-75a2-9aca-54254a9222e7"}
{"name":"worker","pid":221,"phase":"RUN_GRADLEW","buildId":"6d711126-4c0b-46e1-95b4-2c0c51b4efc4","source":"stdout","level":30,"msg":"> Task :react-native-async-storage_async-storage:packageReleaseResources","time":"2026-10-08T02:04:18.242Z","v":0,"logId":"01a11941-15c2-798e-97e9-5958b16f1e35"}
{"name":"worker","pid":221,"phase":"RUN_GRADLEW","buildId":"6d711126-4c0b-46e1-95b4-2c0c51b4efc4","source":"stdout","level":30,"msg":"> Task :react-native-async-storage_async-storage:parseReleaseLocalResources","time":"2026-10-08T02:04:18.242Z","v":0,"logId":"01a11941-15c3-70fa-8d1e-d8c136076e2a"}
{"name":"worker","pid":221,"phase":"RUN_GRADLEW","buildId":"6d711126-4c0b-46e1-95b4-2c0c51b4efc4","source":"stdout","level":30,"msg":"> Task :react-native-async-storage_async-storage:generateReleaseRFile","time":"2026-10-08T02:04:18.348Z","v":0,"logId":"01a11941-162c-7fb2-8b9a-928f471b42b1"}
{"name":"worker","pid":221,"phase":"RUN_GRADLEW","buildId":"6d711126-4c0b-46e1-95b4-2c0c51b4efc4","source":"stdout","level":30,"msg":"> Task :react-native-async-storage_async-storage:javaPreCompileRelease","time":"2026-10-08T02:04:18.349Z","v":0,"logId":"01a11941-162d-7ab8-906b-bf6d4c1c9b59"}
{"name":"worker","pid":221,"phase":"RUN_GRADLEW","buildId":"6d711126-4c0b-46e1-95b4-2c0c51b4efc4","source":"stdout","level":30,"msg":"> Task :react-native-async-storage_async-storage:compileReleaseJavaWithJavac","time":"2026-10-08T02:04:20.136Z","v":0,"logId":"01a11941-1d28-7416-88a6-80e0df8b94af"}
{"name":"worker","pid":221,"phase":"RUN_GRADLEW","buildId":"6d711126-4c0b-46e1-95b4-2c0c51b4efc4","source":"stderr","level":30,"msg":"Note: Some input files use or override a deprecated API.","time":"2026-10-08T02:04:20.137Z","v":0,"logId":"01a11941-1d29-7b35-8a1f-4d9a07491bf2"}
{"name":"worker","pid":221,"phase":"RUN_GRADLEW","buildId":"6d711126-4c0b-46e1-95b4-2c0c51b4efc4","source":"stderr","level":30,"msg":"Note: Recompile with -Xlint:deprecation for details.","time":"2026-10-08T02:04:20.137Z","v":0,"logId":"01a11941-1d2a-77a2-a63f-4b793eaf0882"}
{"name":"worker","pid":221,"phase":"RUN_GRADLEW","buildId":"6d711126-4c0b-46e1-95b4-2c0c51b4efc4","source":"stderr","level":30,"msg":"Note: /home/expo/workingdir/build/node_modules/@react-native-async-storage/async-storage/android/src/javaPackage/java/com/reactnativecommunity/asyncstorage/AsyncStoragePackage.java uses unchecked or unsafe operations.","time":"2026-10-08T02:04:20.138Z","v":0,"logId":"01a11941-1d2a-77a2-a63f-4b7acf4c9b35"}
{"name":"worker","pid":221,"phase":"RUN_GRADLEW","buildId":"6d711126-4c0b-46e1-95b4-2c0c51b4efc4","source":"stderr","level":30,"msg":"Note: Recompile with -Xlint:unchecked for details.","time":"2026-10-08T02:04:20.138Z","v":0,"logId":"01a11941-1d2a-77a2-a63f-4b7b742fe227"}
{"name":"worker","pid":221,"phase":"RUN_GRADLEW","buildId":"6d711126-4c0b-46e1-95b4-2c0c51b4efc4","source":"stdout","level":30,"msg":"> Task :react-native-async-storage_async-storage:bundleLibRuntimeToDirRelease","time":"2026-10-08T02:04:20.238Z","v":0,"logId":"01a11941-1d8e-76b2-8c00-5f122473c3cf"}
{"name":"worker","pid":221,"phase":"RUN_GRADLEW","buildId":"6d711126-4c0b-46e1-95b4-2c0c51b4efc4","source":"stdout","level":30,"msg":"> Task :react-native-nitro-modules:buildCMakeRelWithDebInfo[arm64-v8a]","time":"2026-10-08T02:04:20.238Z","v":0,"logId":"01a11941-1d8e-76b2-8c00-5f13589c3c02"}
{"name":"worker","pid":221,"phase":"RUN_GRADLEW","buildId":"6d711126-4c0b-46e1-95b4-2c0c51b4efc4","source":"stdout","level":30,"msg":"> Task :react-native-worklets:buildCMakeRelWithDebInfo[arm64-v8a][worklets]","time":"2026-10-08T02:04:20.344Z","v":0,"logId":"01a11941-1df8-7c65-836b-99a102971eb1"}
{"name":"worker","pid":221,"phase":"RUN_GRADLEW","buildId":"6d711126-4c0b-46e1-95b4-2c0c51b4efc4","source":"stdout","level":30,"msg":"> Task :react-native-masked-view_masked-view:generateReleaseBuildConfig","time":"2026-10-08T02:04:22.936Z","v":0,"logId":"01a11941-2818-788e-81cc-989183a3fcac"}
{"name":"worker","pid":221,"phase":"RUN_GRADLEW","buildId":"6d711126-4c0b-46e1-95b4-2c0c51b4efc4","source":"stdout","level":30,"msg":"> Task :react-native-masked-view_masked-view:generateReleaseResValues","time":"2026-10-08T02:04:22.937Z","v":0,"logId":"01a11941-2819-793b-9485-747f1cefe3df"}
{"name":"worker","pid":221,"phase":"RUN_GRADLEW","buildId":"6d711126-4c0b-46e1-95b4-2c0c51b4efc4","source":"stdout","level":30,"msg":"> Task :react-native-masked-view_masked-view:generateReleaseResources","time":"2026-10-08T02:04:23.041Z","v":0,"logId":"01a11941-2881-7430-8f19-165d903ea2f4"}
{"name":"worker","pid":221,"phase":"RUN_GRADLEW","buildId":"6d711126-4c0b-46e1-95b4-2c0c51b4efc4","source":"stdout","level":30,"msg":"> Task :react-native-masked-view_masked-view:packageReleaseResources","time":"2026-10-08T02:04:23.042Z","v":0,"logId":"01a11941-2882-77a4-a309-9d5c47a33c4c"}
{"name":"worker","pid":221,"phase":"RUN_GRADLEW","buildId":"6d711126-4c0b-46e1-95b4-2c0c51b4efc4","source":"stdout","level":30,"msg":"> Task :react-native-masked-view_masked-view:parseReleaseLocalResources","time":"2026-10-08T02:04:23.142Z","v":0,"logId":"01a11941-28e6-7cfc-a4a6-2be6d37eaa3e"}
{"name":"worker","pid":221,"phase":"RUN_GRADLEW","buildId":"6d711126-4c0b-46e1-95b4-2c0c51b4efc4","source":"stdout","level":30,"msg":"> Task :react-native-masked-view_masked-view:generateReleaseRFile","time":"2026-10-08T02:04:23.143Z","v":0,"logId":"01a11941-28e7-7f8d-a2fe-30757a827b13"}
{"name":"worker","pid":221,"phase":"RUN_GRADLEW","buildId":"6d711126-4c0b-46e1-95b4-2c0c51b4efc4","source":"stdout","level":30,"msg":"> Task :react-native-masked-view_masked-view:javaPreCompileRelease","time":"2026-10-08T02:04:23.143Z","v":0,"logId":"01a11941-28e7-7f8d-a2fe-30760a86dda0"}
{"name":"worker","pid":221,"phase":"RUN_GRADLEW","buildId":"6d711126-4c0b-46e1-95b4-2c0c51b4efc4","source":"stdout","level":30,"msg":"> Task :react-native-masked-view_masked-view:compileReleaseJavaWithJavac","time":"2026-10-08T02:04:24.139Z","v":0,"logId":"01a11941-2ccb-76f3-bd2c-28989d778af1"}
{"name":"worker","pid":221,"phase":"RUN_GRADLEW","buildId":"6d711126-4c0b-46e1-95b4-2c0c51b4efc4","source":"stderr","level":30,"msg":"Note: /home/expo/workingdir/build/node_modules/@react-native-masked-view/masked-view/android/src/main/java/org/reactnative/maskedview/RNCMaskedViewPackage.java uses or overrides a deprecated API.","time":"2026-10-08T02:04:24.140Z","v":0,"logId":"01a11941-2ccc-7607-b221-76ad1324f51c"}
{"name":"worker","pid":221,"phase":"RUN_GRADLEW","buildId":"6d711126-4c0b-46e1-95b4-2c0c51b4efc4","source":"stderr","level":30,"msg":"Note: Recompile with -Xlint:deprecation for details.","time":"2026-10-08T02:04:24.140Z","v":0,"logId":"01a11941-2ccc-7607-b221-76ae1bcc4cfa"}
{"name":"worker","pid":221,"phase":"RUN_GRADLEW","buildId":"6d711126-4c0b-46e1-95b4-2c0c51b4efc4","source":"stdout","level":30,"msg":"> Task :react-native-masked-view_masked-view:bundleLibRuntimeToDirRelease","time":"2026-10-08T02:04:24.240Z","v":0,"logId":"01a11941-2d30-72a3-8555-c7f18178c369"}
{"name":"worker","pid":221,"phase":"RUN_GRADLEW","buildId":"6d711126-4c0b-46e1-95b4-2c0c51b4efc4","source":"stdout","level":30,"msg":"> Task :react-native-svg:bundleLibRuntimeToDirRelease","time":"2026-10-08T02:04:24.843Z","v":0,"logId":"01a11941-2f8b-77d1-880f-cdbeeb20beea"}
{"name":"worker","pid":221,"phase":"RUN_GRADLEW","buildId":"6d711126-4c0b-46e1-95b4-2c0c51b4efc4","source":"stdout","level":30,"msg":"> Task :react-native-screens:buildCMakeRelWithDebInfo[armeabi-v7a]","time":"2026-10-08T02:04:35.438Z","v":0,"logId":"01a11941-58ef-7631-ad1d-d567ae58b1ad"}
{"name":"worker","pid":221,"phase":"RUN_GRADLEW","buildId":"6d711126-4c0b-46e1-95b4-2c0c51b4efc4","source":"stdout","level":30,"msg":"> Task :react-native-worklets:configureCMakeRelWithDebInfo[armeabi-v7a]","time":"2026-10-08T02:04:36.236Z","v":0,"logId":"01a11941-5c0c-743d-bee7-f63d49f7458d"}
{"name":"worker","pid":221,"phase":"RUN_GRADLEW","buildId":"6d711126-4c0b-46e1-95b4-2c0c51b4efc4","source":"stdout","level":30,"msg":"> Task :react-native-screens:configureCMakeRelWithDebInfo[x86]","time":"2026-10-08T02:04:36.340Z","v":0,"logId":"01a11941-5c74-7513-893b-1f94bfdb531e"}
{"name":"worker","pid":221,"phase":"RUN_GRADLEW","buildId":"6d711126-4c0b-46e1-95b4-2c0c51b4efc4","source":"stdout","level":30,"msg":"> Task :react-native-nitro-modules:configureCMakeRelWithDebInfo[armeabi-v7a]","time":"2026-10-08T02:04:36.936Z","v":0,"logId":"01a11941-5ec8-7ce3-806c-5f3ef9441747"}
{"name":"worker","pid":221,"phase":"RUN_GRADLEW","buildId":"6d711126-4c0b-46e1-95b4-2c0c51b4efc4","source":"stdout","level":30,"msg":"> Task :app:checkReleaseDuplicateClasses","time":"2026-10-08T02:04:49.836Z","v":0,"logId":"01a11941-912c-7aef-ad0a-ca10755cea76"}
{"name":"worker","pid":221,"phase":"RUN_GRADLEW","buildId":"6d711126-4c0b-46e1-95b4-2c0c51b4efc4","source":"stdout","level":30,"msg":"> Task :app:buildKotlinToolingMetadata","time":"2026-10-08T02:04:50.039Z","v":0,"logId":"01a11941-91f7-702a-99cd-d1aaa3c699a3"}
{"name":"worker","pid":221,"phase":"RUN_GRADLEW","buildId":"6d711126-4c0b-46e1-95b4-2c0c51b4efc4","source":"stdout","level":30,"msg":"> Task :app:checkKotlinGradlePluginConfigurationErrors SKIPPED","time":"2026-10-08T02:04:50.040Z","v":0,"logId":"01a11941-91f8-7659-9bfc-6a00622e6cc4"}
{"name":"worker","pid":221,"phase":"RUN_GRADLEW","buildId":"6d711126-4c0b-46e1-95b4-2c0c51b4efc4","source":"stdout","level":30,"msg":"> Task :app:generateReleaseBuildConfig","time":"2026-10-08T02:04:50.040Z","v":0,"logId":"01a11941-91f8-7659-9bfc-6a016c8c6a9e"}
{"name":"worker","pid":221,"phase":"RUN_GRADLEW","buildId":"6d711126-4c0b-46e1-95b4-2c0c51b4efc4","source":"stdout","level":30,"msg":"> Task :expo:writeReleaseAarMetadata","time":"2026-10-08T02:04:50.138Z","v":0,"logId":"01a11941-925a-75bc-b65f-a44b68ec1719"}
{"name":"worker","pid":221,"phase":"RUN_GRADLEW","buildId":"6d711126-4c0b-46e1-95b4-2c0c51b4efc4","source":"stdout","level":30,"msg":"> Task :expo-constants:writeReleaseAarMetadata","time":"2026-10-08T02:04:50.138Z","v":0,"logId":"01a11941-925a-75bc-b65f-a44ca39ac397"}
{"name":"worker","pid":221,"phase":"RUN_GRADLEW","buildId":"6d711126-4c0b-46e1-95b4-2c0c51b4efc4","source":"stdout","level":30,"msg":"> Task :expo-dev-client:writeReleaseAarMetadata","time":"2026-10-08T02:04:50.138Z","v":0,"logId":"01a11941-925a-75bc-b65f-a44d5d908864"}
{"name":"worker","pid":221,"phase":"RUN_GRADLEW","buildId":"6d711126-4c0b-46e1-95b4-2c0c51b4efc4","source":"stdout","level":30,"msg":"> Task :expo-dev-launcher:writeReleaseAarMetadata","time":"2026-10-08T02:04:50.138Z","v":0,"logId":"01a11941-925a-75bc-b65f-a44eadb90383"}
{"name":"worker","pid":221,"phase":"RUN_GRADLEW","buildId":"6d711126-4c0b-46e1-95b4-2c0c51b4efc4","source":"stdout","level":30,"msg":"> Task :expo-dev-menu:writeReleaseAarMetadata","time":"2026-10-08T02:04:50.138Z","v":0,"logId":"01a11941-925a-75bc-b65f-a44f7e421acb"}
{"name":"worker","pid":221,"phase":"RUN_GRADLEW","buildId":"6d711126-4c0b-46e1-95b4-2c0c51b4efc4","source":"stdout","level":30,"msg":"> Task :expo-dev-menu-interface:writeReleaseAarMetadata","time":"2026-10-08T02:04:50.240Z","v":0,"logId":"01a11941-92c0-7b00-9e56-6de8e0e624bf"}
{"name":"worker","pid":221,"phase":"RUN_GRADLEW","buildId":"6d711126-4c0b-46e1-95b4-2c0c51b4efc4","source":"stdout","level":30,"msg":"> Task :expo-json-utils:writeReleaseAarMetadata","time":"2026-10-08T02:04:50.241Z","v":0,"logId":"01a11941-92c1-7732-bd97-b7a2bf1f6795"}
{"name":"worker","pid":221,"phase":"RUN_GRADLEW","buildId":"6d711126-4c0b-46e1-95b4-2c0c51b4efc4","source":"stdout","level":30,"msg":"> Task :expo-log-box:writeReleaseAarMetadata","time":"2026-10-08T02:04:50.241Z","v":0,"logId":"01a11941-92c1-7732-bd97-b7a3ef7e27e3"}
{"name":"worker","pid":221,"phase":"RUN_GRADLEW","buildId":"6d711126-4c0b-46e1-95b4-2c0c51b4efc4","source":"stdout","level":30,"msg":"> Task :expo-manifests:writeReleaseAarMetadata","time":"2026-10-08T02:04:50.242Z","v":0,"logId":"01a11941-92c2-73b6-8718-8bcc2245bf59"}
{"name":"worker","pid":221,"phase":"RUN_GRADLEW","buildId":"6d711126-4c0b-46e1-95b4-2c0c51b4efc4","source":"stdout","level":30,"msg":"> Task :expo-modules-core:writeReleaseAarMetadata","time":"2026-10-08T02:04:50.242Z","v":0,"logId":"01a11941-92c2-73b6-8718-8bcd132663a7"}
{"name":"worker","pid":221,"phase":"RUN_GRADLEW","buildId":"6d711126-4c0b-46e1-95b4-2c0c51b4efc4","source":"stdout","level":30,"msg":"> Task :expo-updates-interface:writeReleaseAarMetadata","time":"2026-10-08T02:04:50.242Z","v":0,"logId":"01a11941-92c2-73b6-8718-8bced3438663"}
{"name":"worker","pid":221,"phase":"RUN_GRADLEW","buildId":"6d711126-4c0b-46e1-95b4-2c0c51b4efc4","source":"stdout","level":30,"msg":"> Task :react-native-async-storage_async-storage:writeReleaseAarMetadata","time":"2026-10-08T02:04:50.342Z","v":0,"logId":"01a11941-9327-74fe-a352-25544df45343"}
{"name":"worker","pid":221,"phase":"RUN_GRADLEW","buildId":"6d711126-4c0b-46e1-95b4-2c0c51b4efc4","source":"stdout","level":30,"msg":"> Task :react-native-gesture-handler:writeReleaseAarMetadata","time":"2026-10-08T02:04:50.343Z","v":0,"logId":"01a11941-9327-74fe-a352-25551ca0d5c9"}
{"name":"worker","pid":221,"phase":"RUN_GRADLEW","buildId":"6d711126-4c0b-46e1-95b4-2c0c51b4efc4","source":"stdout","level":30,"msg":"> Task :react-native-masked-view_masked-view:writeReleaseAarMetadata","time":"2026-10-08T02:04:50.343Z","v":0,"logId":"01a11941-9327-74fe-a352-25565cb62bdd"}
{"name":"worker","pid":221,"phase":"RUN_GRADLEW","buildId":"6d711126-4c0b-46e1-95b4-2c0c51b4efc4","source":"stdout","level":30,"msg":"> Task :react-native-nitro-google-signin:writeReleaseAarMetadata","time":"2026-10-08T02:04:50.343Z","v":0,"logId":"01a11941-9327-74fe-a352-2557e16c0dee"}
{"name":"worker","pid":221,"phase":"RUN_GRADLEW","buildId":"6d711126-4c0b-46e1-95b4-2c0c51b4efc4","source":"stdout","level":30,"msg":"> Task :react-native-reanimated:writeReleaseAarMetadata","time":"2026-10-08T02:04:50.343Z","v":0,"logId":"01a11941-9327-74fe-a352-25586bedb158"}
{"name":"worker","pid":221,"phase":"RUN_GRADLEW","buildId":"6d711126-4c0b-46e1-95b4-2c0c51b4efc4","source":"stdout","level":30,"msg":"> Task :react-native-safe-area-context:writeReleaseAarMetadata","time":"2026-10-08T02:04:50.344Z","v":0,"logId":"01a11941-9328-7b74-9341-d06d91e1209a"}
{"name":"worker","pid":221,"phase":"RUN_GRADLEW","buildId":"6d711126-4c0b-46e1-95b4-2c0c51b4efc4","source":"stdout","level":30,"msg":"> Task :react-native-svg:writeReleaseAarMetadata","time":"2026-10-08T02:04:50.344Z","v":0,"logId":"01a11941-9328-7b74-9341-d06ede4ef750"}
{"name":"worker","pid":221,"phase":"RUN_GRADLEW","buildId":"6d711126-4c0b-46e1-95b4-2c0c51b4efc4","source":"stdout","level":30,"msg":"> Task :app:createBundleReleaseJsAndAssets","time":"2026-10-08T02:04:53.036Z","v":0,"logId":"01a11941-9dac-78df-b68d-ad4a99845594"}
{"name":"worker","pid":221,"phase":"RUN_GRADLEW","buildId":"6d711126-4c0b-46e1-95b4-2c0c51b4efc4","source":"stdout","level":30,"msg":"Using src/app as the root directory for Expo Router.","time":"2026-10-08T02:04:53.037Z","v":0,"logId":"01a11941-9dad-7e1f-b5ca-a10f7622ae9c"}
{"name":"worker","pid":221,"phase":"RUN_GRADLEW","buildId":"6d711126-4c0b-46e1-95b4-2c0c51b4efc4","source":"stdout","level":30,"msg":"React Compiler enabled","time":"2026-10-08T02:04:54.138Z","v":0,"logId":"01a11941-a1fa-7338-9cf3-d8c8fc915465"}
{"name":"worker","pid":221,"phase":"RUN_GRADLEW","buildId":"6d711126-4c0b-46e1-95b4-2c0c51b4efc4","source":"stdout","level":30,"msg":"Starting Metro Bundler","time":"2026-10-08T02:04:54.537Z","v":0,"logId":"01a11941-a389-77cd-9b6d-92df41726476"}
{"name":"worker","pid":221,"phase":"RUN_GRADLEW","buildId":"6d711126-4c0b-46e1-95b4-2c0c51b4efc4","source":"stdout","level":30,"msg":"> Task :react-native-screens:buildCMakeRelWithDebInfo[x86]","time":"2026-10-08T02:04:57.736Z","v":0,"logId":"01a11941-b008-782f-a4ce-972658f680bc"}
{"name":"worker","pid":221,"phase":"RUN_GRADLEW","buildId":"6d711126-4c0b-46e1-95b4-2c0c51b4efc4","source":"stdout","level":30,"msg":"> Task :react-native-screens:configureCMakeRelWithDebInfo[x86_64]","time":"2026-10-08T02:05:00.336Z","v":0,"logId":"01a11941-ba30-7f73-b2ed-ee4bdc60e096"}
{"name":"worker","pid":221,"phase":"RUN_GRADLEW","buildId":"6d711126-4c0b-46e1-95b4-2c0c51b4efc4","source":"stdout","level":30,"msg":"> Task :app:createBundleReleaseJsAndAssets","time":"2026-10-08T02:05:04.636Z","v":0,"logId":"01a11941-cafc-731c-9a0b-e8377f416b80"}
{"name":"worker","pid":221,"phase":"RUN_GRADLEW","buildId":"6d711126-4c0b-46e1-95b4-2c0c51b4efc4","source":"stdout","level":30,"msg":"Android Bundled 8664ms node_modules/expo-router/entry.js (2046 modules)","time":"2026-10-08T02:05:04.637Z","v":0,"logId":"01a11941-cafd-750c-b3f0-f8430abfc57d"}
{"name":"worker","pid":221,"phase":"RUN_GRADLEW","buildId":"6d711126-4c0b-46e1-95b4-2c0c51b4efc4","source":"stdout","level":30,"msg":"Writing bundle output to: /home/expo/workingdir/build/android/app/build/generated/assets/react/release/index.android.bundle","time":"2026-10-08T02:05:04.637Z","v":0,"logId":"01a11941-cafd-750c-b3f0-f844c5e50ad6"}
{"name":"worker","pid":221,"phase":"RUN_GRADLEW","buildId":"6d711126-4c0b-46e1-95b4-2c0c51b4efc4","source":"stdout","level":30,"msg":"Writing sourcemap output to: /home/expo/workingdir/build/android/app/build/intermediates/sourcemaps/react/release/index.android.bundle.packager.map","time":"2026-10-08T02:05:04.838Z","v":0,"logId":"01a11941-cbc6-745d-ac42-1c3cb6400968"}
{"name":"worker","pid":221,"phase":"RUN_GRADLEW","buildId":"6d711126-4c0b-46e1-95b4-2c0c51b4efc4","source":"stdout","level":30,"msg":"Copying 90 asset files","time":"2026-10-08T02:05:05.040Z","v":0,"logId":"01a11941-cc90-7b19-967d-1b6f77231bf8"}
{"name":"worker","pid":221,"phase":"RUN_GRADLEW","buildId":"6d711126-4c0b-46e1-95b4-2c0c51b4efc4","source":"stdout","level":30,"msg":"Done writing bundle output","time":"2026-10-08T02:05:05.138Z","v":0,"logId":"01a11941-ccf2-7e56-a5ea-1eaf664383cf"}
{"name":"worker","pid":221,"phase":"RUN_GRADLEW","buildId":"6d711126-4c0b-46e1-95b4-2c0c51b4efc4","source":"stdout","level":30,"msg":"Done writing sourcemap output","time":"2026-10-08T02:05:05.139Z","v":0,"logId":"01a11941-ccf3-701a-8f89-f96e8c87c266"}
{"name":"worker","pid":221,"phase":"RUN_GRADLEW","buildId":"6d711126-4c0b-46e1-95b4-2c0c51b4efc4","source":"stdout","level":30,"msg":"> Task :react-native-worklets:buildCMakeRelWithDebInfo[armeabi-v7a][worklets]","time":"2026-10-08T02:05:06.138Z","v":0,"logId":"01a11941-d0da-7eed-8e40-049d9d13b588"}
{"name":"worker","pid":221,"phase":"RUN_GRADLEW","buildId":"6d711126-4c0b-46e1-95b4-2c0c51b4efc4","source":"stdout","level":30,"msg":"> Task :react-native-nitro-modules:buildCMakeRelWithDebInfo[armeabi-v7a]","time":"2026-10-08T02:05:06.938Z","v":0,"logId":"01a11941-d3fa-79ff-a454-13568c4ae9aa"}
{"name":"worker","pid":221,"phase":"RUN_GRADLEW","buildId":"6d711126-4c0b-46e1-95b4-2c0c51b4efc4","source":"stdout","level":30,"msg":"> Task :react-native-worklets:configureCMakeRelWithDebInfo[x86]","time":"2026-10-08T02:05:17.136Z","v":0,"logId":"01a11941-fbd0-7e15-b884-1f983bb3b992"}
{"name":"worker","pid":221,"phase":"RUN_GRADLEW","buildId":"6d711126-4c0b-46e1-95b4-2c0c51b4efc4","source":"stdout","level":30,"msg":"> Task :react-native-screens:buildCMakeRelWithDebInfo[x86_64]","time":"2026-10-08T02:05:17.336Z","v":0,"logId":"01a11941-fc98-7836-aea0-17ad432cbe77"}
{"name":"worker","pid":221,"phase":"RUN_GRADLEW","buildId":"6d711126-4c0b-46e1-95b4-2c0c51b4efc4","source":"stdout","level":30,"msg":"> Task :react-native-screens:mergeReleaseJniLibFolders","time":"2026-10-08T02:05:17.337Z","v":0,"logId":"01a11941-fc99-7469-bc1f-a2ce64e8bc49"}
{"name":"worker","pid":221,"phase":"RUN_GRADLEW","buildId":"6d711126-4c0b-46e1-95b4-2c0c51b4efc4","source":"stdout","level":30,"msg":"> Task :react-native-screens:mergeReleaseNativeLibs","time":"2026-10-08T02:05:17.436Z","v":0,"logId":"01a11941-fcfc-71fb-99dd-96b4e57d38a4"}
{"name":"worker","pid":221,"phase":"RUN_GRADLEW","buildId":"6d711126-4c0b-46e1-95b4-2c0c51b4efc4","source":"stdout","level":30,"msg":"> Task :react-native-screens:copyReleaseJniLibsProjectOnly","time":"2026-10-08T02:05:17.536Z","v":0,"logId":"01a11941-fd60-7dc5-9236-fe40613a9a72"}
{"name":"worker","pid":221,"phase":"RUN_GRADLEW","buildId":"6d711126-4c0b-46e1-95b4-2c0c51b4efc4","source":"stdout","level":30,"msg":"> Task :react-native-screens:checkKotlinGradlePluginConfigurationErrors SKIPPED","time":"2026-10-08T02:05:17.537Z","v":0,"logId":"01a11941-fd61-7f8b-90da-dc9b5c8124eb"}
{"name":"worker","pid":221,"phase":"RUN_GRADLEW","buildId":"6d711126-4c0b-46e1-95b4-2c0c51b4efc4","source":"stdout","level":30,"msg":"> Task :react-native-screens:generateReleaseBuildConfig","time":"2026-10-08T02:05:17.537Z","v":0,"logId":"01a11941-fd61-7f8b-90da-dc9c12a80f4e"}
{"name":"worker","pid":221,"phase":"RUN_GRADLEW","buildId":"6d711126-4c0b-46e1-95b4-2c0c51b4efc4","source":"stdout","level":30,"msg":"> Task :react-native-screens:generateReleaseResValues","time":"2026-10-08T02:05:17.537Z","v":0,"logId":"01a11941-fd62-797f-9d5b-de4abc34148e"}
{"name":"worker","pid":221,"phase":"RUN_GRADLEW","buildId":"6d711126-4c0b-46e1-95b4-2c0c51b4efc4","source":"stdout","level":30,"msg":"> Task :react-native-screens:generateReleaseResources","time":"2026-10-08T02:05:17.538Z","v":0,"logId":"01a11941-fd62-797f-9d5b-de4b646f04ed"}
{"name":"worker","pid":221,"phase":"RUN_GRADLEW","buildId":"6d711126-4c0b-46e1-95b4-2c0c51b4efc4","source":"stdout","level":30,"msg":"> Task :react-native-screens:packageReleaseResources","time":"2026-10-08T02:05:17.636Z","v":0,"logId":"01a11941-fdc4-709f-baf1-5590d3a7729a"}
{"name":"worker","pid":221,"phase":"RUN_GRADLEW","buildId":"6d711126-4c0b-46e1-95b4-2c0c51b4efc4","source":"stdout","level":30,"msg":"> Task :react-native-screens:parseReleaseLocalResources","time":"2026-10-08T02:05:17.636Z","v":0,"logId":"01a11941-fdc5-7561-90f9-6b922d8cb43c"}
{"name":"worker","pid":221,"phase":"RUN_GRADLEW","buildId":"6d711126-4c0b-46e1-95b4-2c0c51b4efc4","source":"stdout","level":30,"msg":"> Task :react-native-screens:generateReleaseRFile","time":"2026-10-08T02:05:17.637Z","v":0,"logId":"01a11941-fdc5-7561-90f9-6b93316cf97c"}
{"name":"worker","pid":221,"phase":"RUN_GRADLEW","buildId":"6d711126-4c0b-46e1-95b4-2c0c51b4efc4","source":"stdout","level":30,"msg":"> Task :react-native-nitro-modules:configureCMakeRelWithDebInfo[x86]","time":"2026-10-08T02:05:18.137Z","v":0,"logId":"01a11941-ffba-7e99-8ade-30db115dbb6e"}
{"name":"worker","pid":221,"phase":"RUN_GRADLEW","buildId":"6d711126-4c0b-46e1-95b4-2c0c51b4efc4","source":"stdout","level":30,"msg":"> Task :react-native-worklets:buildCMakeRelWithDebInfo[x86][worklets]","time":"2026-10-08T02:05:47.136Z","v":0,"logId":"01a11942-7100-7a30-8883-6d356abbc4ca"}
{"name":"worker","pid":221,"phase":"RUN_GRADLEW","buildId":"6d711126-4c0b-46e1-95b4-2c0c51b4efc4","source":"stdout","level":30,"msg":"> Task :react-native-screens:compileReleaseKotlin","time":"2026-10-08T02:05:47.636Z","v":0,"logId":"01a11942-72f4-729d-921b-a0321d6bae18"}
{"name":"worker","pid":221,"phase":"RUN_GRADLEW","buildId":"6d711126-4c0b-46e1-95b4-2c0c51b4efc4","source":"stdout","level":30,"msg":"> Task :react-native-nitro-modules:buildCMakeRelWithDebInfo[x86]","time":"2026-10-08T02:05:48.142Z","v":0,"logId":"01a11942-74ef-7f01-9ee2-40295ae5e810"}
{"name":"worker","pid":221,"phase":"RUN_GRADLEW","buildId":"6d711126-4c0b-46e1-95b4-2c0c51b4efc4","source":"stdout","level":30,"msg":"> Task :react-native-worklets:configureCMakeRelWithDebInfo[x86_64]","time":"2026-10-08T02:06:00.036Z","v":0,"logId":"01a11942-a364-7aa7-9f28-4c553d962689"}
{"name":"worker","pid":221,"phase":"RUN_GRADLEW","buildId":"6d711126-4c0b-46e1-95b4-2c0c51b4efc4","source":"stdout","level":30,"msg":"> Task :react-native-nitro-modules:configureCMakeRelWithDebInfo[x86_64]","time":"2026-10-08T02:06:02.536Z","v":0,"logId":"01a11942-ad28-70de-8232-9d9b7472bc66"}
{"name":"worker","pid":221,"phase":"RUN_GRADLEW","buildId":"6d711126-4c0b-46e1-95b4-2c0c51b4efc4","source":"stdout","level":30,"msg":"> Task :react-native-screens:javaPreCompileRelease","time":"2026-10-08T02:06:07.136Z","v":0,"logId":"01a11942-bf20-75d3-bc99-5b3e58170029"}
{"name":"worker","pid":221,"phase":"RUN_GRADLEW","buildId":"6d711126-4c0b-46e1-95b4-2c0c51b4efc4","source":"stdout","level":30,"msg":"> Task :react-native-screens:writeReleaseAarMetadata","time":"2026-10-08T02:06:07.137Z","v":0,"logId":"01a11942-bf21-752a-91ce-43ae26301efa"}
{"name":"worker","pid":221,"phase":"RUN_GRADLEW","buildId":"6d711126-4c0b-46e1-95b4-2c0c51b4efc4","source":"stdout","level":30,"msg":"> Task :app:generateReleaseResValues","time":"2026-10-08T02:06:07.137Z","v":0,"logId":"01a11942-bf21-752a-91ce-43af5e6114d9"}
{"name":"worker","pid":221,"phase":"RUN_GRADLEW","buildId":"6d711126-4c0b-46e1-95b4-2c0c51b4efc4","source":"stdout","level":30,"msg":"> Task :app:processReleaseGoogleServices","time":"2026-10-08T02:06:07.244Z","v":0,"logId":"01a11942-bf8c-79e5-ac3c-6a1673a2db7d"}
{"name":"worker","pid":221,"phase":"RUN_GRADLEW","buildId":"6d711126-4c0b-46e1-95b4-2c0c51b4efc4","source":"stdout","level":30,"msg":"> Task :app:generateReleaseResources","time":"2026-10-08T02:06:07.245Z","v":0,"logId":"01a11942-bf8d-71e5-a248-26d658b82d80"}
{"name":"worker","pid":221,"phase":"RUN_GRADLEW","buildId":"6d711126-4c0b-46e1-95b4-2c0c51b4efc4","source":"stdout","level":30,"msg":"> Task :app:packageReleaseResources","time":"2026-10-08T02:06:07.836Z","v":0,"logId":"01a11942-c1dc-7b66-b10e-c6fdaa7a5d71"}
{"name":"worker","pid":221,"phase":"RUN_GRADLEW","buildId":"6d711126-4c0b-46e1-95b4-2c0c51b4efc4","source":"stdout","level":30,"msg":"> Task :app:parseReleaseLocalResources","time":"2026-10-08T02:06:07.946Z","v":0,"logId":"01a11942-c24a-7603-b080-a723900738cf"}
{"name":"worker","pid":221,"phase":"RUN_GRADLEW","buildId":"6d711126-4c0b-46e1-95b4-2c0c51b4efc4","source":"stdout","level":30,"msg":"> Task :app:createReleaseCompatibleScreenManifests","time":"2026-10-08T02:06:08.041Z","v":0,"logId":"01a11942-c2a9-7e4f-b808-79798318834a"}
{"name":"worker","pid":221,"phase":"RUN_GRADLEW","buildId":"6d711126-4c0b-46e1-95b4-2c0c51b4efc4","source":"stdout","level":30,"msg":"> Task :app:extractDeepLinksRelease","time":"2026-10-08T02:06:08.042Z","v":0,"logId":"01a11942-c2aa-7c16-a0f0-7f1db028e738"}
{"name":"worker","pid":221,"phase":"RUN_GRADLEW","buildId":"6d711126-4c0b-46e1-95b4-2c0c51b4efc4","source":"stdout","level":30,"msg":"> Task :expo:extractDeepLinksRelease","time":"2026-10-08T02:06:08.042Z","v":0,"logId":"01a11942-c2aa-7c16-a0f0-7f1e7183e021"}
{"name":"worker","pid":221,"phase":"RUN_GRADLEW","buildId":"6d711126-4c0b-46e1-95b4-2c0c51b4efc4","source":"stdout","level":30,"msg":"> Task :expo:processReleaseManifest","time":"2026-10-08T02:06:08.336Z","v":0,"logId":"01a11942-c3d0-7211-bd8e-a7818d60b616"}
{"name":"worker","pid":221,"phase":"RUN_GRADLEW","buildId":"6d711126-4c0b-46e1-95b4-2c0c51b4efc4","source":"stdout","level":30,"msg":"> Task :expo-constants:extractDeepLinksRelease","time":"2026-10-08T02:06:08.337Z","v":0,"logId":"01a11942-c3d1-7b23-8722-2e5360f14f74"}
{"name":"worker","pid":221,"phase":"RUN_GRADLEW","buildId":"6d711126-4c0b-46e1-95b4-2c0c51b4efc4","source":"stdout","level":30,"msg":"> Task :expo-constants:processReleaseManifest","time":"2026-10-08T02:06:08.337Z","v":0,"logId":"01a11942-c3d1-7b23-8722-2e547be660c5"}
{"name":"worker","pid":221,"phase":"RUN_GRADLEW","buildId":"6d711126-4c0b-46e1-95b4-2c0c51b4efc4","source":"stdout","level":30,"msg":"> Task :expo-dev-client:extractDeepLinksRelease","time":"2026-10-08T02:06:08.337Z","v":0,"logId":"01a11942-c3d1-7b23-8722-2e558b6a34e5"}
{"name":"worker","pid":221,"phase":"RUN_GRADLEW","buildId":"6d711126-4c0b-46e1-95b4-2c0c51b4efc4","source":"stdout","level":30,"msg":"> Task :expo-dev-client:processReleaseManifest","time":"2026-10-08T02:06:08.438Z","v":0,"logId":"01a11942-c436-7dfe-99c5-77c9278d7a13"}
{"name":"worker","pid":221,"phase":"RUN_GRADLEW","buildId":"6d711126-4c0b-46e1-95b4-2c0c51b4efc4","source":"stdout","level":30,"msg":"> Task :expo-dev-launcher:extractDeepLinksRelease","time":"2026-10-08T02:06:08.439Z","v":0,"logId":"01a11942-c437-7176-b027-4e4f5554776d"}
{"name":"worker","pid":221,"phase":"RUN_GRADLEW","buildId":"6d711126-4c0b-46e1-95b4-2c0c51b4efc4","source":"stdout","level":30,"msg":"> Task :expo-dev-launcher:processReleaseManifest","time":"2026-10-08T02:06:08.541Z","v":0,"logId":"01a11942-c49d-74b0-8f7f-1086263c0fcc"}
{"name":"worker","pid":221,"phase":"RUN_GRADLEW","buildId":"6d711126-4c0b-46e1-95b4-2c0c51b4efc4","source":"stdout","level":30,"msg":"> Task :expo-dev-menu:extractDeepLinksRelease","time":"2026-10-08T02:06:08.542Z","v":0,"logId":"01a11942-c49e-790a-8671-3898d071b8c7"}
{"name":"worker","pid":221,"phase":"RUN_GRADLEW","buildId":"6d711126-4c0b-46e1-95b4-2c0c51b4efc4","source":"stdout","level":30,"msg":"> Task :expo-dev-menu:processReleaseManifest","time":"2026-10-08T02:06:08.542Z","v":0,"logId":"01a11942-c49e-790a-8671-38992b8a8edc"}
{"name":"worker","pid":221,"phase":"RUN_GRADLEW","buildId":"6d711126-4c0b-46e1-95b4-2c0c51b4efc4","source":"stdout","level":30,"msg":"> Task :expo-dev-menu-interface:extractDeepLinksRelease","time":"2026-10-08T02:06:08.542Z","v":0,"logId":"01a11942-c49e-790a-8671-389ab34e13c3"}
{"name":"worker","pid":221,"phase":"RUN_GRADLEW","buildId":"6d711126-4c0b-46e1-95b4-2c0c51b4efc4","source":"stdout","level":30,"msg":"> Task :expo-dev-menu-interface:processReleaseManifest","time":"2026-10-08T02:06:08.638Z","v":0,"logId":"01a11942-c4ff-79b8-b87c-25c89064d28e"}
{"name":"worker","pid":221,"phase":"RUN_GRADLEW","buildId":"6d711126-4c0b-46e1-95b4-2c0c51b4efc4","source":"stdout","level":30,"msg":"> Task :expo-json-utils:extractDeepLinksRelease","time":"2026-10-08T02:06:08.639Z","v":0,"logId":"01a11942-c4ff-79b8-b87c-25c953170f32"}
{"name":"worker","pid":221,"phase":"RUN_GRADLEW","buildId":"6d711126-4c0b-46e1-95b4-2c0c51b4efc4","source":"stdout","level":30,"msg":"> Task :expo-json-utils:processReleaseManifest","time":"2026-10-08T02:06:08.736Z","v":0,"logId":"01a11942-c560-7256-b674-91366c42b7aa"}
{"name":"worker","pid":221,"phase":"RUN_GRADLEW","buildId":"6d711126-4c0b-46e1-95b4-2c0c51b4efc4","source":"stdout","level":30,"msg":"> Task :expo-log-box:extractDeepLinksRelease","time":"2026-10-08T02:06:08.737Z","v":0,"logId":"01a11942-c564-740f-869f-afad41f24ad8"}
{"name":"worker","pid":221,"phase":"RUN_GRADLEW","buildId":"6d711126-4c0b-46e1-95b4-2c0c51b4efc4","source":"stdout","level":30,"msg":"> Task :expo-log-box:processReleaseManifest","time":"2026-10-08T02:06:08.840Z","v":0,"logId":"01a11942-c5c8-7957-9efd-4da49cd1c041"}
{"name":"worker","pid":221,"phase":"RUN_GRADLEW","buildId":"6d711126-4c0b-46e1-95b4-2c0c51b4efc4","source":"stdout","level":30,"msg":"> Task :expo-manifests:extractDeepLinksRelease","time":"2026-10-08T02:06:08.841Z","v":0,"logId":"01a11942-c5c9-7008-b9b4-0e298e6729bc"}
{"name":"worker","pid":221,"phase":"RUN_GRADLEW","buildId":"6d711126-4c0b-46e1-95b4-2c0c51b4efc4","source":"stdout","level":30,"msg":"> Task :expo-manifests:processReleaseManifest","time":"2026-10-08T02:06:08.841Z","v":0,"logId":"01a11942-c5c9-7008-b9b4-0e2a6f024eb8"}
{"name":"worker","pid":221,"phase":"RUN_GRADLEW","buildId":"6d711126-4c0b-46e1-95b4-2c0c51b4efc4","source":"stdout","level":30,"msg":"> Task :expo-modules-core:extractDeepLinksRelease","time":"2026-10-08T02:06:08.841Z","v":0,"logId":"01a11942-c5c9-7008-b9b4-0e2b1fa0795e"}
{"name":"worker","pid":221,"phase":"RUN_GRADLEW","buildId":"6d711126-4c0b-46e1-95b4-2c0c51b4efc4","source":"stdout","level":30,"msg":"> Task :expo-modules-core:processReleaseManifest","time":"2026-10-08T02:06:08.938Z","v":0,"logId":"01a11942-c62b-7b45-9ebe-06cc789a4c3e"}
{"name":"worker","pid":221,"phase":"RUN_GRADLEW","buildId":"6d711126-4c0b-46e1-95b4-2c0c51b4efc4","source":"stdout","level":30,"msg":"/home/expo/workingdir/build/node_modules/expo-modules-core/android/src/main/AndroidManifest.xml:8:9-11:45 Warning:","time":"2026-10-08T02:06:08.939Z","v":0,"logId":"01a11942-c62b-7b45-9ebe-06cd84626ba1"}
{"name":"worker","pid":221,"phase":"RUN_GRADLEW","buildId":"6d711126-4c0b-46e1-95b4-2c0c51b4efc4","source":"stdout","level":30,"msg":"\tmeta-data#com.facebook.soloader.enabled@android:value was tagged at AndroidManifest.xml:8 to replace other declarations but no other declaration present","time":"2026-10-08T02:06:08.939Z","v":0,"logId":"01a11942-c62b-7b45-9ebe-06ce92588d97"}
{"name":"worker","pid":221,"phase":"RUN_GRADLEW","buildId":"6d711126-4c0b-46e1-95b4-2c0c51b4efc4","source":"stdout","level":30,"msg":"> Task :expo-updates-interface:extractDeepLinksRelease","time":"2026-10-08T02:06:08.943Z","v":0,"logId":"01a11942-c62f-744b-b092-f894c25e7b88"}
{"name":"worker","pid":221,"phase":"RUN_GRADLEW","buildId":"6d711126-4c0b-46e1-95b4-2c0c51b4efc4","source":"stdout","level":30,"msg":"> Task :expo-updates-interface:processReleaseManifest","time":"2026-10-08T02:06:09.040Z","v":0,"logId":"01a11942-c690-7df0-8b4f-3ef3525ec081"}
{"name":"worker","pid":221,"phase":"RUN_GRADLEW","buildId":"6d711126-4c0b-46e1-95b4-2c0c51b4efc4","source":"stdout","level":30,"msg":"> Task :react-native-async-storage_async-storage:extractDeepLinksRelease","time":"2026-10-08T02:06:09.041Z","v":0,"logId":"01a11942-c691-7f78-9132-d495660170e0"}
{"name":"worker","pid":221,"phase":"RUN_GRADLEW","buildId":"6d711126-4c0b-46e1-95b4-2c0c51b4efc4","source":"stdout","level":30,"msg":"> Task :react-native-async-storage_async-storage:processReleaseManifest","time":"2026-10-08T02:06:09.240Z","v":0,"logId":"01a11942-c758-7ff8-83f2-3b9c623f8cb0"}
{"name":"worker","pid":221,"phase":"RUN_GRADLEW","buildId":"6d711126-4c0b-46e1-95b4-2c0c51b4efc4","source":"stdout","level":30,"msg":"package=\"com.reactnativecommunity.asyncstorage\" found in source AndroidManifest.xml: /home/expo/workingdir/build/node_modules/@react-native-async-storage/async-storage/android/src/main/AndroidManifest.xml.","time":"2026-10-08T02:06:09.241Z","v":0,"logId":"01a11942-c759-7402-99e7-0ce0b0e1474a"}
{"name":"worker","pid":221,"phase":"RUN_GRADLEW","buildId":"6d711126-4c0b-46e1-95b4-2c0c51b4efc4","source":"stdout","level":30,"msg":"Setting the namespace via the package attribute in the source AndroidManifest.xml is no longer supported, and the value is ignored.","time":"2026-10-08T02:06:09.241Z","v":0,"logId":"01a11942-c759-7402-99e7-0ce1f759211b"}
{"name":"worker","pid":221,"phase":"RUN_GRADLEW","buildId":"6d711126-4c0b-46e1-95b4-2c0c51b4efc4","source":"stdout","level":30,"msg":"Recommendation: remove package=\"com.reactnativecommunity.asyncstorage\" from the source AndroidManifest.xml: /home/expo/workingdir/build/node_modules/@react-native-async-storage/async-storage/android/src/main/AndroidManifest.xml.","time":"2026-10-08T02:06:09.241Z","v":0,"logId":"01a11942-c759-7402-99e7-0ce2b535a391"}
{"name":"worker","pid":221,"phase":"RUN_GRADLEW","buildId":"6d711126-4c0b-46e1-95b4-2c0c51b4efc4","source":"stdout","level":30,"msg":"> Task :react-native-gesture-handler:extractDeepLinksRelease","time":"2026-10-08T02:06:09.242Z","v":0,"logId":"01a11942-c75b-7a70-9e2c-0b1364feee10"}
{"name":"worker","pid":221,"phase":"RUN_GRADLEW","buildId":"6d711126-4c0b-46e1-95b4-2c0c51b4efc4","source":"stdout","level":30,"msg":"> Task :react-native-gesture-handler:processReleaseManifest","time":"2026-10-08T02:06:09.336Z","v":0,"logId":"01a11942-c7b8-7287-91ee-d4a597feffe5"}
{"name":"worker","pid":221,"phase":"RUN_GRADLEW","buildId":"6d711126-4c0b-46e1-95b4-2c0c51b4efc4","source":"stdout","level":30,"msg":"> Task :react-native-masked-view_masked-view:extractDeepLinksRelease","time":"2026-10-08T02:06:09.337Z","v":0,"logId":"01a11942-c7b9-7ac2-8f3c-67861527cea6"}
{"name":"worker","pid":221,"phase":"RUN_GRADLEW","buildId":"6d711126-4c0b-46e1-95b4-2c0c51b4efc4","source":"stdout","level":30,"msg":"> Task :react-native-masked-view_masked-view:processReleaseManifest","time":"2026-10-08T02:06:09.438Z","v":0,"logId":"01a11942-c81e-7055-b776-7ff053938e90"}
{"name":"worker","pid":221,"phase":"RUN_GRADLEW","buildId":"6d711126-4c0b-46e1-95b4-2c0c51b4efc4","source":"stdout","level":30,"msg":"> Task :react-native-nitro-google-signin:extractDeepLinksRelease","time":"2026-10-08T02:06:09.439Z","v":0,"logId":"01a11942-c81f-747d-8f04-da55e827570c"}
{"name":"worker","pid":221,"phase":"RUN_GRADLEW","buildId":"6d711126-4c0b-46e1-95b4-2c0c51b4efc4","source":"stdout","level":30,"msg":"> Task :react-native-nitro-google-signin:processReleaseManifest","time":"2026-10-08T02:06:09.539Z","v":0,"logId":"01a11942-c884-7ca1-9804-3be89b414df3"}
{"name":"worker","pid":221,"phase":"RUN_GRADLEW","buildId":"6d711126-4c0b-46e1-95b4-2c0c51b4efc4","source":"stdout","level":30,"msg":"> Task :react-native-reanimated:extractDeepLinksRelease","time":"2026-10-08T02:06:09.540Z","v":0,"logId":"01a11942-c888-74e0-9e85-b8f880e0ee4e"}
{"name":"worker","pid":221,"phase":"RUN_GRADLEW","buildId":"6d711126-4c0b-46e1-95b4-2c0c51b4efc4","source":"stdout","level":30,"msg":"> Task :react-native-reanimated:processReleaseManifest","time":"2026-10-08T02:06:09.544Z","v":0,"logId":"01a11942-c889-7492-88c2-3691b6173d6b"}
{"name":"worker","pid":221,"phase":"RUN_GRADLEW","buildId":"6d711126-4c0b-46e1-95b4-2c0c51b4efc4","source":"stdout","level":30,"msg":"> Task :react-native-safe-area-context:extractDeepLinksRelease","time":"2026-10-08T02:06:09.636Z","v":0,"logId":"01a11942-c8e4-7e68-a104-311eb0b31362"}
{"name":"worker","pid":221,"phase":"RUN_GRADLEW","buildId":"6d711126-4c0b-46e1-95b4-2c0c51b4efc4","source":"stdout","level":30,"msg":"> Task :react-native-safe-area-context:processReleaseManifest","time":"2026-10-08T02:06:09.637Z","v":0,"logId":"01a11942-c8e9-7e4c-83ca-62d4b7ed94d7"}
{"name":"worker","pid":221,"phase":"RUN_GRADLEW","buildId":"6d711126-4c0b-46e1-95b4-2c0c51b4efc4","source":"stdout","level":30,"msg":"package=\"com.th3rdwave.safeareacontext\" found in source AndroidManifest.xml: /home/expo/workingdir/build/node_modules/react-native-safe-area-context/android/src/main/AndroidManifest.xml.","time":"2026-10-08T02:06:09.641Z","v":0,"logId":"01a11942-c8e9-7e4c-83ca-62d5bb1844f7"}
{"name":"worker","pid":221,"phase":"RUN_GRADLEW","buildId":"6d711126-4c0b-46e1-95b4-2c0c51b4efc4","source":"stdout","level":30,"msg":"Setting the namespace via the package attribute in the source AndroidManifest.xml is no longer supported, and the value is ignored.","time":"2026-10-08T02:06:09.641Z","v":0,"logId":"01a11942-c8ea-7709-87ea-60d6aee1702d"}
{"name":"worker","pid":221,"phase":"RUN_GRADLEW","buildId":"6d711126-4c0b-46e1-95b4-2c0c51b4efc4","source":"stdout","level":30,"msg":"Recommendation: remove package=\"com.th3rdwave.safeareacontext\" from the source AndroidManifest.xml: /home/expo/workingdir/build/node_modules/react-native-safe-area-context/android/src/main/AndroidManifest.xml.","time":"2026-10-08T02:06:09.642Z","v":0,"logId":"01a11942-c8ec-7cf4-99a8-c126a506b8d3"}
{"name":"worker","pid":221,"phase":"RUN_GRADLEW","buildId":"6d711126-4c0b-46e1-95b4-2c0c51b4efc4","source":"stdout","level":30,"msg":"> Task :react-native-screens:extractDeepLinksRelease","time":"2026-10-08T02:06:09.644Z","v":0,"logId":"01a11942-c8ec-7cf4-99a8-c1273348c7e7"}
{"name":"worker","pid":221,"phase":"RUN_GRADLEW","buildId":"6d711126-4c0b-46e1-95b4-2c0c51b4efc4","source":"stdout","level":30,"msg":"> Task :react-native-screens:processReleaseManifest","time":"2026-10-08T02:06:09.741Z","v":0,"logId":"01a11942-c950-7058-96fb-7b3ec74a58dc"}
{"name":"worker","pid":221,"phase":"RUN_GRADLEW","buildId":"6d711126-4c0b-46e1-95b4-2c0c51b4efc4","source":"stdout","level":30,"msg":"> Task :react-native-svg:extractDeepLinksRelease","time":"2026-10-08T02:06:09.744Z","v":0,"logId":"01a11942-c953-7c09-9974-307cc22f9ee2"}
{"name":"worker","pid":221,"phase":"RUN_GRADLEW","buildId":"6d711126-4c0b-46e1-95b4-2c0c51b4efc4","source":"stdout","level":30,"msg":"> Task :react-native-svg:processReleaseManifest","time":"2026-10-08T02:06:09.747Z","v":0,"logId":"01a11942-c953-7c09-9974-307d356e3035"}
{"name":"worker","pid":221,"phase":"RUN_GRADLEW","buildId":"6d711126-4c0b-46e1-95b4-2c0c51b4efc4","source":"stdout","level":30,"msg":"> Task :expo:compileReleaseLibraryResources","time":"2026-10-08T02:06:10.436Z","v":0,"logId":"01a11942-cc04-7c17-822d-efa74a06c6f6"}
{"name":"worker","pid":221,"phase":"RUN_GRADLEW","buildId":"6d711126-4c0b-46e1-95b4-2c0c51b4efc4","source":"stdout","level":30,"msg":"> Task :expo-constants:compileReleaseLibraryResources","time":"2026-10-08T02:06:10.538Z","v":0,"logId":"01a11942-cc6a-7a09-99d5-a9380d0293ee"}
{"name":"worker","pid":221,"phase":"RUN_GRADLEW","buildId":"6d711126-4c0b-46e1-95b4-2c0c51b4efc4","source":"stdout","level":30,"msg":"> Task :expo-dev-client:compileReleaseLibraryResources","time":"2026-10-08T02:06:10.539Z","v":0,"logId":"01a11942-cc6b-7f47-9d9b-5c1c73e8bcd4"}
{"name":"worker","pid":221,"phase":"RUN_GRADLEW","buildId":"6d711126-4c0b-46e1-95b4-2c0c51b4efc4","source":"stdout","level":30,"msg":"> Task :expo-dev-launcher:compileReleaseLibraryResources","time":"2026-10-08T02:06:10.539Z","v":0,"logId":"01a11942-cc6b-7f47-9d9b-5c1d84b9038c"}
{"name":"worker","pid":221,"phase":"RUN_GRADLEW","buildId":"6d711126-4c0b-46e1-95b4-2c0c51b4efc4","source":"stdout","level":30,"msg":"> Task :expo-dev-menu:compileReleaseLibraryResources","time":"2026-10-08T02:06:10.539Z","v":0,"logId":"01a11942-cc6b-7f47-9d9b-5c1e81c2f834"}
{"name":"worker","pid":221,"phase":"RUN_GRADLEW","buildId":"6d711126-4c0b-46e1-95b4-2c0c51b4efc4","source":"stdout","level":30,"msg":"> Task :expo-dev-menu-interface:compileReleaseLibraryResources","time":"2026-10-08T02:06:10.636Z","v":0,"logId":"01a11942-cccc-7cd1-88fd-cc8e086e0f25"}
{"name":"worker","pid":221,"phase":"RUN_GRADLEW","buildId":"6d711126-4c0b-46e1-95b4-2c0c51b4efc4","source":"stdout","level":30,"msg":"> Task :expo-json-utils:compileReleaseLibraryResources","time":"2026-10-08T02:06:10.636Z","v":0,"logId":"01a11942-cccc-7cd1-88fd-cc8ffe096929"}
{"name":"worker","pid":221,"phase":"RUN_GRADLEW","buildId":"6d711126-4c0b-46e1-95b4-2c0c51b4efc4","source":"stdout","level":30,"msg":"> Task :expo-log-box:compileReleaseLibraryResources","time":"2026-10-08T02:06:10.636Z","v":0,"logId":"01a11942-cccd-7d88-8025-cf984e144699"}
{"name":"worker","pid":221,"phase":"RUN_GRADLEW","buildId":"6d711126-4c0b-46e1-95b4-2c0c51b4efc4","source":"stdout","level":30,"msg":"> Task :expo-manifests:compileReleaseLibraryResources","time":"2026-10-08T02:06:10.738Z","v":0,"logId":"01a11942-cd32-7e04-94e6-23ded14f83da"}
{"name":"worker","pid":221,"phase":"RUN_GRADLEW","buildId":"6d711126-4c0b-46e1-95b4-2c0c51b4efc4","source":"stdout","level":30,"msg":"> Task :expo-modules-core:compileReleaseLibraryResources","time":"2026-10-08T02:06:10.739Z","v":0,"logId":"01a11942-cd33-785f-9e64-4451c7e7e574"}
{"name":"worker","pid":221,"phase":"RUN_GRADLEW","buildId":"6d711126-4c0b-46e1-95b4-2c0c51b4efc4","source":"stdout","level":30,"msg":"> Task :expo-updates-interface:compileReleaseLibraryResources","time":"2026-10-08T02:06:10.739Z","v":0,"logId":"01a11942-cd33-785f-9e64-445253ea235f"}
{"name":"worker","pid":221,"phase":"RUN_GRADLEW","buildId":"6d711126-4c0b-46e1-95b4-2c0c51b4efc4","source":"stdout","level":30,"msg":"> Task :react-native-async-storage_async-storage:compileReleaseLibraryResources","time":"2026-10-08T02:06:10.843Z","v":0,"logId":"01a11942-cd9b-7925-bdc4-2ad64041dea2"}
{"name":"worker","pid":221,"phase":"RUN_GRADLEW","buildId":"6d711126-4c0b-46e1-95b4-2c0c51b4efc4","source":"stdout","level":30,"msg":"> Task :react-native-gesture-handler:compileReleaseLibraryResources","time":"2026-10-08T02:06:10.844Z","v":0,"logId":"01a11942-cd9c-70a1-9cdd-d9de8e309392"}
{"name":"worker","pid":221,"phase":"RUN_GRADLEW","buildId":"6d711126-4c0b-46e1-95b4-2c0c51b4efc4","source":"stdout","level":30,"msg":"> Task :react-native-masked-view_masked-view:compileReleaseLibraryResources","time":"2026-10-08T02:06:10.937Z","v":0,"logId":"01a11942-cdf9-705d-9198-18951f76da32"}
{"name":"worker","pid":221,"phase":"RUN_GRADLEW","buildId":"6d711126-4c0b-46e1-95b4-2c0c51b4efc4","source":"stdout","level":30,"msg":"> Task :react-native-nitro-google-signin:compileReleaseLibraryResources","time":"2026-10-08T02:06:10.938Z","v":0,"logId":"01a11942-cdfa-7485-9ab8-9b1bb7e3b88c"}
{"name":"worker","pid":221,"phase":"RUN_GRADLEW","buildId":"6d711126-4c0b-46e1-95b4-2c0c51b4efc4","source":"stdout","level":30,"msg":"> Task :react-native-reanimated:compileReleaseLibraryResources","time":"2026-10-08T02:06:10.938Z","v":0,"logId":"01a11942-cdfa-7485-9ab8-9b1c0caaf44e"}
{"name":"worker","pid":221,"phase":"RUN_GRADLEW","buildId":"6d711126-4c0b-46e1-95b4-2c0c51b4efc4","source":"stdout","level":30,"msg":"> Task :react-native-safe-area-context:compileReleaseLibraryResources","time":"2026-10-08T02:06:11.036Z","v":0,"logId":"01a11942-ce5c-7d93-82e5-54fdccea3b66"}
{"name":"worker","pid":221,"phase":"RUN_GRADLEW","buildId":"6d711126-4c0b-46e1-95b4-2c0c51b4efc4","source":"stdout","level":30,"msg":"> Task :react-native-screens:compileReleaseLibraryResources","time":"2026-10-08T02:06:11.836Z","v":0,"logId":"01a11942-d17c-7d8e-a1d6-4ba4199267eb"}
{"name":"worker","pid":221,"phase":"RUN_GRADLEW","buildId":"6d711126-4c0b-46e1-95b4-2c0c51b4efc4","source":"stdout","level":30,"msg":"> Task :react-native-svg:compileReleaseLibraryResources","time":"2026-10-08T02:06:11.938Z","v":0,"logId":"01a11942-d1e2-7b23-a67e-e0149bb4cfc7"}
{"name":"worker","pid":221,"phase":"RUN_GRADLEW","buildId":"6d711126-4c0b-46e1-95b4-2c0c51b4efc4","source":"stdout","level":30,"msg":"> Task :react-native-async-storage_async-storage:bundleLibCompileToJarRelease","time":"2026-10-08T02:06:11.939Z","v":0,"logId":"01a11942-d1e3-73bf-b0f5-99e85ab4343b"}
{"name":"worker","pid":221,"phase":"RUN_GRADLEW","buildId":"6d711126-4c0b-46e1-95b4-2c0c51b4efc4","source":"stdout","level":30,"msg":"> Task :react-native-masked-view_masked-view:bundleLibCompileToJarRelease","time":"2026-10-08T02:06:11.939Z","v":0,"logId":"01a11942-d1e3-73bf-b0f5-99e96389dff2"}
{"name":"worker","pid":221,"phase":"RUN_GRADLEW","buildId":"6d711126-4c0b-46e1-95b4-2c0c51b4efc4","source":"stdout","level":30,"msg":"> Task :react-native-safe-area-context:bundleLibCompileToJarRelease","time":"2026-10-08T02:06:11.939Z","v":0,"logId":"01a11942-d1e3-73bf-b0f5-99eaf3bf9ffe"}
{"name":"worker","pid":221,"phase":"RUN_GRADLEW","buildId":"6d711126-4c0b-46e1-95b4-2c0c51b4efc4","source":"stdout","level":30,"msg":"> Task :app:javaPreCompileRelease","time":"2026-10-08T02:06:12.046Z","v":0,"logId":"01a11942-d24e-754c-bbaf-cf0c3d55dcda"}
{"name":"worker","pid":221,"phase":"RUN_GRADLEW","buildId":"6d711126-4c0b-46e1-95b4-2c0c51b4efc4","source":"stdout","level":30,"msg":"> Task :app:desugarReleaseFileDependencies","time":"2026-10-08T02:06:12.047Z","v":0,"logId":"01a11942-d24f-72d7-aadb-d0551ada42fe"}
{"name":"worker","pid":221,"phase":"RUN_GRADLEW","buildId":"6d711126-4c0b-46e1-95b4-2c0c51b4efc4","source":"stdout","level":30,"msg":"> Task :app:mergeReleaseStartupProfile","time":"2026-10-08T02:06:12.047Z","v":0,"logId":"01a11942-d24f-72d7-aadb-d056f2b6d7f8"}
{"name":"worker","pid":221,"phase":"RUN_GRADLEW","buildId":"6d711126-4c0b-46e1-95b4-2c0c51b4efc4","source":"stdout","level":30,"msg":"> Task :react-native-worklets:buildCMakeRelWithDebInfo[x86_64][worklets]","time":"2026-10-08T02:06:30.036Z","v":0,"logId":"01a11943-1894-77ac-ae05-df82676b08fd"}
{"name":"worker","pid":221,"phase":"RUN_GRADLEW","buildId":"6d711126-4c0b-46e1-95b4-2c0c51b4efc4","source":"stdout","level":30,"msg":"> Task :react-native-screens:compileReleaseKotlin","time":"2026-10-08T02:06:31.841Z","v":0,"logId":"01a11943-1fa1-7863-8ccf-7b8e93cf0c7c"}
{"name":"worker","pid":221,"phase":"RUN_GRADLEW","buildId":"6d711126-4c0b-46e1-95b4-2c0c51b4efc4","source":"stdout","level":30,"msg":"w: file:///home/expo/workingdir/build/node_modules/react-native-screens/android/src/main/java/com/swmansion/rnscreens/RNScreensPackage.kt:70:9 The corresponding parameter in the supertype 'BaseReactPackage' is named 'name'. This may cause problems when calling this function with named arguments.","time":"2026-10-08T02:06:31.842Z","v":0,"logId":"01a11943-1fa2-7178-ab0e-f62051a754fb"}
{"name":"worker","pid":221,"phase":"RUN_GRADLEW","buildId":"6d711126-4c0b-46e1-95b4-2c0c51b4efc4","source":"stdout","level":30,"msg":"w: file:///home/expo/workingdir/build/node_modules/react-native-screens/android/src/main/java/com/swmansion/rnscreens/RNScreensPackage.kt:71:9 The corresponding parameter in the supertype 'BaseReactPackage' is named 'reactContext'. This may cause problems when calling this function with named arguments.","time":"2026-10-08T02:06:31.842Z","v":0,"logId":"01a11943-1fa2-7178-ab0e-f6213e4625a2"}
{"name":"worker","pid":221,"phase":"RUN_GRADLEW","buildId":"6d711126-4c0b-46e1-95b4-2c0c51b4efc4","source":"stdout","level":30,"msg":"w: file:///home/expo/workingdir/build/node_modules/react-native-screens/android/src/main/java/com/swmansion/rnscreens/RNScreensPackage.kt:83:17 'constructor(name: String, className: String, canOverrideExistingModule: Boolean, needsEagerInit: Boolean, hasConstants: Boolean, isCxxModule: Boolean, isTurboModule: Boolean): ReactModuleInfo' is deprecated. This constructor is deprecated and will be removed in the future. Use ReactModuleInfo(String, String, boolean, boolean, boolean, boolean)].","time":"2026-10-08T02:06:31.842Z","v":0,"logId":"01a11943-1fa2-7178-ab0e-f622df549c42"}
{"name":"worker","pid":221,"phase":"RUN_GRADLEW","buildId":"6d711126-4c0b-46e1-95b4-2c0c51b4efc4","source":"stdout","level":30,"msg":"w: file:///home/expo/workingdir/build/node_modules/react-native-screens/android/src/main/java/com/swmansion/rnscreens/Screen.kt:54:77 Unchecked cast of '(CoordinatorLayout.Behavior<View!>?..CoordinatorLayout.Behavior<*>?)' to 'BottomSheetBehavior<Screen>'.","time":"2026-10-08T02:06:31.843Z","v":0,"logId":"01a11943-1fa3-75ec-a4e8-7680781ae77a"}
{"name":"worker","pid":221,"phase":"RUN_GRADLEW","buildId":"6d711126-4c0b-46e1-95b4-2c0c51b4efc4","source":"stdout","level":30,"msg":"w: file:///home/expo/workingdir/build/node_modules/react-native-screens/android/src/main/java/com/swmansion/rnscreens/Screen.kt:59:33 'fun getEventDispatcherForReactTag(context: ReactContext, reactTag: Int): EventDispatcher?' is deprecated. reactTag is no longer needed.","time":"2026-10-08T02:06:31.843Z","v":0,"logId":"01a11943-1fa3-75ec-a4e8-7681ea682791"}
{"name":"worker","pid":221,"phase":"RUN_GRADLEW","buildId":"6d711126-4c0b-46e1-95b4-2c0c51b4efc4","source":"stdout","level":30,"msg":"w: file:///home/expo/workingdir/build/node_modules/react-native-screens/android/src/main/java/com/swmansion/rnscreens/Screen.kt:516:14 'fun getEventDispatcherForReactTag(context: ReactContext, reactTag: Int): EventDispatcher?' is deprecated. reactTag is no longer needed.","time":"2026-10-08T02:06:31.843Z","v":0,"logId":"01a11943-1fa3-75ec-a4e8-7682e5544f0b"}
{"name":"worker","pid":221,"phase":"RUN_GRADLEW","buildId":"6d711126-4c0b-46e1-95b4-2c0c51b4efc4","source":"stdout","level":30,"msg":"w: file:///home/expo/workingdir/build/node_modules/react-native-screens/android/src/main/java/com/swmansion/rnscreens/ScreenContainer.kt:250:18 'fun getEventDispatcherForReactTag(context: ReactContext, reactTag: Int): EventDispatcher?' is deprecated. reactTag is no longer needed.","time":"2026-10-08T02:06:31.843Z","v":0,"logId":"01a11943-1fa3-75ec-a4e8-76837d5be415"}
{"name":"worker","pid":221,"phase":"RUN_GRADLEW","buildId":"6d711126-4c0b-46e1-95b4-2c0c51b4efc4","source":"stdout","level":30,"msg":"w: file:///home/expo/workingdir/build/node_modules/react-native-screens/android/src/main/java/com/swmansion/rnscreens/ScreenContainer.kt:260:18 'fun getEventDispatcherForReactTag(context: ReactContext, reactTag: Int): EventDispatcher?' is deprecated. reactTag is no longer needed.","time":"2026-10-08T02:06:31.843Z","v":0,"logId":"01a11943-1fa5-7a75-8505-3e25f4afef3c"}
{"name":"worker","pid":221,"phase":"RUN_GRADLEW","buildId":"6d711126-4c0b-46e1-95b4-2c0c51b4efc4","source":"stdout","level":30,"msg":"w: file:///home/expo/workingdir/build/node_modules/react-native-screens/android/src/main/java/com/swmansion/rnscreens/ScreenFragment.kt:225:37 'fun getEventDispatcherForReactTag(context: ReactContext, reactTag: Int): EventDispatcher?' is deprecated. reactTag is no longer needed.","time":"2026-10-08T02:06:31.845Z","v":0,"logId":"01a11943-1fa5-7a75-8505-3e26e9f84067"}
{"name":"worker","pid":221,"phase":"RUN_GRADLEW","buildId":"6d711126-4c0b-46e1-95b4-2c0c51b4efc4","source":"stdout","level":30,"msg":"w: file:///home/expo/workingdir/build/node_modules/react-native-screens/android/src/main/java/com/swmansion/rnscreens/ScreenFragment.kt:242:14 'fun getEventDispatcherForReactTag(context: ReactContext, reactTag: Int): EventDispatcher?' is deprecated. reactTag is no longer needed.","time":"2026-10-08T02:06:31.845Z","v":0,"logId":"01a11943-1fa5-7a75-8505-3e2702ff322c"}
{"name":"worker","pid":221,"phase":"RUN_GRADLEW","buildId":"6d711126-4c0b-46e1-95b4-2c0c51b4efc4","source":"stdout","level":30,"msg":"w: file:///home/expo/workingdir/build/node_modules/react-native-screens/android/src/main/java/com/swmansion/rnscreens/ScreenFragment.kt:258:22 'fun getEventDispatcherForReactTag(context: ReactContext, reactTag: Int): EventDispatcher?' is deprecated. reactTag is no longer needed.","time":"2026-10-08T02:06:31.845Z","v":0,"logId":"01a11943-1fa5-7a75-8505-3e282188aee2"}
{"name":"worker","pid":221,"phase":"RUN_GRADLEW","buildId":"6d711126-4c0b-46e1-95b4-2c0c51b4efc4","source":"stdout","level":30,"msg":"w: file:///home/expo/workingdir/build/node_modules/react-native-screens/android/src/main/java/com/swmansion/rnscreens/ScreenFragment.kt:327:22 'fun getEventDispatcherForReactTag(context: ReactContext, reactTag: Int): EventDispatcher?' is deprecated. reactTag is no longer needed.","time":"2026-10-08T02:06:31.845Z","v":0,"logId":"01a11943-1fa5-7a75-8505-3e29fcadee98"}
{"name":"worker","pid":221,"phase":"RUN_GRADLEW","buildId":"6d711126-4c0b-46e1-95b4-2c0c51b4efc4","source":"stdout","level":30,"msg":"w: file:///home/expo/workingdir/build/node_modules/react-native-screens/android/src/main/java/com/swmansion/rnscreens/ScreenModalFragment.kt:180:22 'fun getEventDispatcherForReactTag(context: ReactContext, reactTag: Int): EventDispatcher?' is deprecated. reactTag is no longer needed.","time":"2026-10-08T02:06:31.845Z","v":0,"logId":"01a11943-1fa8-77e8-a7c3-014c2913a13c"}
{"name":"worker","pid":221,"phase":"RUN_GRADLEW","buildId":"6d711126-4c0b-46e1-95b4-2c0c51b4efc4","source":"stdout","level":30,"msg":"w: file:///home/expo/workingdir/build/node_modules/react-native-screens/android/src/main/java/com/swmansion/rnscreens/ScreenStack.kt:120:14 'fun getEventDispatcherForReactTag(context: ReactContext, reactTag: Int): EventDispatcher?' is deprecated. reactTag is no longer needed.","time":"2026-10-08T02:06:31.848Z","v":0,"logId":"01a11943-1fa8-77e8-a7c3-014dacec8f86"}
{"name":"worker","pid":221,"phase":"RUN_GRADLEW","buildId":"6d711126-4c0b-46e1-95b4-2c0c51b4efc4","source":"stdout","level":30,"msg":"w: file:///home/expo/workingdir/build/node_modules/react-native-screens/android/src/main/java/com/swmansion/rnscreens/ScreenStackFragment.kt:173:18 'fun getEventDispatcherForReactTag(context: ReactContext, reactTag: Int): EventDispatcher?' is deprecated. reactTag is no longer needed.","time":"2026-10-08T02:06:31.848Z","v":0,"logId":"01a11943-1fa8-77e8-a7c3-014eaf549896"}
{"name":"worker","pid":221,"phase":"RUN_GRADLEW","buildId":"6d711126-4c0b-46e1-95b4-2c0c51b4efc4","source":"stdout","level":30,"msg":"w: file:///home/expo/workingdir/build/node_modules/react-native-screens/android/src/main/java/com/swmansion/rnscreens/ScreenStackFragment.kt:230:31 'var targetElevation: Float' is deprecated. Deprecated in Java.","time":"2026-10-08T02:06:31.848Z","v":0,"logId":"01a11943-1fab-7731-b21f-927b74146b79"}
{"name":"worker","pid":221,"phase":"RUN_GRADLEW","buildId":"6d711126-4c0b-46e1-95b4-2c0c51b4efc4","source":"stdout","level":30,"msg":"w: file:///home/expo/workingdir/build/node_modules/react-native-screens/android/src/main/java/com/swmansion/rnscreens/ScreenStackFragment.kt:233:13 'fun setHasOptionsMenu(p0: Boolean): Unit' is deprecated. Deprecated in Java.","time":"2026-10-08T02:06:31.851Z","v":0,"logId":"01a11943-1fab-7731-b21f-927cda362646"}
{"name":"worker","pid":221,"phase":"RUN_GRADLEW","buildId":"6d711126-4c0b-46e1-95b4-2c0c51b4efc4","source":"stdout","level":30,"msg":"w: file:///home/expo/workingdir/build/node_modules/react-native-screens/android/src/main/java/com/swmansion/rnscreens/ScreenStackFragment.kt:443:18 This declaration overrides a deprecated member but is not marked as deprecated itself. Add the '@Deprecated' annotation or suppress the diagnostic.","time":"2026-10-08T02:06:31.851Z","v":0,"logId":"01a11943-1fab-7731-b21f-927d4f652b34"}
{"name":"worker","pid":221,"phase":"RUN_GRADLEW","buildId":"6d711126-4c0b-46e1-95b4-2c0c51b4efc4","source":"stdout","level":30,"msg":"w: file:///home/expo/workingdir/build/node_modules/react-native-screens/android/src/main/java/com/swmansion/rnscreens/ScreenStackFragment.kt:450:22 'fun onPrepareOptionsMenu(p0: Menu): Unit' is deprecated. Deprecated in Java.","time":"2026-10-08T02:06:31.851Z","v":0,"logId":"01a11943-1fab-7731-b21f-927e5e0d4885"}
{"name":"worker","pid":221,"phase":"RUN_GRADLEW","buildId":"6d711126-4c0b-46e1-95b4-2c0c51b4efc4","source":"stdout","level":30,"msg":"w: file:///home/expo/workingdir/build/node_modules/react-native-screens/android/src/main/java/com/swmansion/rnscreens/ScreenStackFragment.kt:453:18 This declaration overrides a deprecated member but is not marked as deprecated itself. Add the '@Deprecated' annotation or suppress the diagnostic.","time":"2026-10-08T02:06:31.851Z","v":0,"logId":"01a11943-1fab-7731-b21f-927f1a538696"}
{"name":"worker","pid":221,"phase":"RUN_GRADLEW","buildId":"6d711126-4c0b-46e1-95b4-2c0c51b4efc4","source":"stdout","level":30,"msg":"w: file:///home/expo/workingdir/build/node_modules/react-native-screens/android/src/main/java/com/swmansion/rnscreens/ScreenStackFragment.kt:458:22 'fun onCreateOptionsMenu(p0: Menu, p1: MenuInflater): Unit' is deprecated. Deprecated in Java.","time":"2026-10-08T02:06:31.851Z","v":0,"logId":"01a11943-1fab-7731-b21f-9280a7e1a142"}
{"name":"worker","pid":221,"phase":"RUN_GRADLEW","buildId":"6d711126-4c0b-46e1-95b4-2c0c51b4efc4","source":"stdout","level":30,"msg":"w: file:///home/expo/workingdir/build/node_modules/react-native-screens/android/src/main/java/com/swmansion/rnscreens/ScreenStackHeaderConfig.kt:199:14 'fun getEventDispatcherForReactTag(context: ReactContext, reactTag: Int): EventDispatcher?' is deprecated. reactTag is no longer needed.","time":"2026-10-08T02:06:31.851Z","v":0,"logId":"01a11943-1fab-7731-b21f-9281c19a30c6"}
{"name":"worker","pid":221,"phase":"RUN_GRADLEW","buildId":"6d711126-4c0b-46e1-95b4-2c0c51b4efc4","source":"stdout","level":30,"msg":"w: file:///home/expo/workingdir/build/node_modules/react-native-screens/android/src/main/java/com/swmansion/rnscreens/ScreenStackHeaderConfig.kt:209:14 'fun getEventDispatcherForReactTag(context: ReactContext, reactTag: Int): EventDispatcher?' is deprecated. reactTag is no longer needed.","time":"2026-10-08T02:06:31.851Z","v":0,"logId":"01a11943-1fab-7731-b21f-9282a9d34875"}
{"name":"worker","pid":221,"phase":"RUN_GRADLEW","buildId":"6d711126-4c0b-46e1-95b4-2c0c51b4efc4","source":"stdout","level":30,"msg":"w: file:///home/expo/workingdir/build/node_modules/react-native-screens/android/src/main/java/com/swmansion/rnscreens/ScreenWindowTraits.kt:48:42 'fun replaceSystemWindowInsets(p0: Int, p1: Int, p2: Int, p3: Int): @NonNull() WindowInsetsCompat' is deprecated. Deprecated in Java.","time":"2026-10-08T02:06:31.851Z","v":0,"logId":"01a11943-1fab-7731-b21f-92834ee6d8f8"}
{"name":"worker","pid":221,"phase":"RUN_GRADLEW","buildId":"6d711126-4c0b-46e1-95b4-2c0c51b4efc4","source":"stdout","level":30,"msg":"w: file:///home/expo/workingdir/build/node_modules/react-native-screens/android/src/main/java/com/swmansion/rnscreens/ScreenWindowTraits.kt:49:39 'val systemWindowInsetLeft: Int' is deprecated. Deprecated in Java.","time":"2026-10-08T02:06:31.852Z","v":0,"logId":"01a11943-1fac-73f2-b7d5-281acdcb17ee"}
{"name":"worker","pid":221,"phase":"RUN_GRADLEW","buildId":"6d711126-4c0b-46e1-95b4-2c0c51b4efc4","source":"stdout","level":30,"msg":"w: file:///home/expo/workingdir/build/node_modules/react-native-screens/android/src/main/java/com/swmansion/rnscreens/ScreenWindowTraits.kt:51:39 'val systemWindowInsetRight: Int' is deprecated. Deprecated in Java.","time":"2026-10-08T02:06:31.852Z","v":0,"logId":"01a11943-1fac-73f2-b7d5-281b43c72822"}
{"name":"worker","pid":221,"phase":"RUN_GRADLEW","buildId":"6d711126-4c0b-46e1-95b4-2c0c51b4efc4","source":"stdout","level":30,"msg":"w: file:///home/expo/workingdir/build/node_modules/react-native-screens/android/src/main/java/com/swmansion/rnscreens/ScreenWindowTraits.kt:52:39 'val systemWindowInsetBottom: Int' is deprecated. Deprecated in Java.","time":"2026-10-08T02:06:31.852Z","v":0,"logId":"01a11943-1fac-73f2-b7d5-281c7bca025f"}
{"name":"worker","pid":221,"phase":"RUN_GRADLEW","buildId":"6d711126-4c0b-46e1-95b4-2c0c51b4efc4","source":"stdout","level":30,"msg":"w: file:///home/expo/workingdir/build/node_modules/react-native-screens/android/src/main/java/com/swmansion/rnscreens/ScreensModule.kt:100:14 'fun getEventDispatcherForReactTag(context: ReactContext, reactTag: Int): EventDispatcher?' is deprecated. reactTag is no longer needed.","time":"2026-10-08T02:06:31.852Z","v":0,"logId":"01a11943-1fac-73f2-b7d5-281dce89493f"}
{"name":"worker","pid":221,"phase":"RUN_GRADLEW","buildId":"6d711126-4c0b-46e1-95b4-2c0c51b4efc4","source":"stdout","level":30,"msg":"w: file:///home/expo/workingdir/build/node_modules/react-native-screens/android/src/main/java/com/swmansion/rnscreens/SearchBarView.kt:137:29 'fun getEventDispatcherForReactTag(context: ReactContext, reactTag: Int): EventDispatcher?' is deprecated. reactTag is no longer needed.","time":"2026-10-08T02:06:31.852Z","v":0,"logId":"01a11943-1fac-73f2-b7d5-281e2d05e708"}
{"name":"worker","pid":221,"phase":"RUN_GRADLEW","buildId":"6d711126-4c0b-46e1-95b4-2c0c51b4efc4","source":"stdout","level":30,"msg":"w: file:///home/expo/workingdir/build/node_modules/react-native-screens/android/src/main/java/com/swmansion/rnscreens/bottomsheet/BottomSheetDialogRootView.kt:7:8 'object ReactFeatureFlags : Any' is deprecated. Use com.facebook.react.internal.featureflags.ReactNativeFeatureFlags instead.","time":"2026-10-08T02:06:31.852Z","v":0,"logId":"01a11943-1fac-73f2-b7d5-281f84e890c1"}
{"name":"worker","pid":221,"phase":"RUN_GRADLEW","buildId":"6d711126-4c0b-46e1-95b4-2c0c51b4efc4","source":"stdout","level":30,"msg":"w: file:///home/expo/workingdir/build/node_modules/react-native-screens/android/src/main/java/com/swmansion/rnscreens/bottomsheet/BottomSheetDialogRootView.kt:25:13 'object ReactFeatureFlags : Any' is deprecated. Use com.facebook.react.internal.featureflags.ReactNativeFeatureFlags instead.","time":"2026-10-08T02:06:31.852Z","v":0,"logId":"01a11943-1fac-73f2-b7d5-2820dcbc4e5c"}
{"name":"worker","pid":221,"phase":"RUN_GRADLEW","buildId":"6d711126-4c0b-46e1-95b4-2c0c51b4efc4","source":"stdout","level":30,"msg":"w: file:///home/expo/workingdir/build/node_modules/react-native-screens/android/src/main/java/com/swmansion/rnscreens/bottomsheet/BottomSheetDialogRootView.kt:32:9 The corresponding parameter in the supertype 'ReactViewGroup' is named 'left'. This may cause problems when calling this function with named arguments.","time":"2026-10-08T02:06:31.852Z","v":0,"logId":"01a11943-1fac-73f2-b7d5-2821aac90018"}
{"name":"worker","pid":221,"phase":"RUN_GRADLEW","buildId":"6d711126-4c0b-46e1-95b4-2c0c51b4efc4","source":"stdout","level":30,"msg":"w: file:///home/expo/workingdir/build/node_modules/react-native-screens/android/src/main/java/com/swmansion/rnscreens/bottomsheet/BottomSheetDialogRootView.kt:33:9 The corresponding parameter in the supertype 'ReactViewGroup' is named 'top'. This may cause problems when calling this function with named arguments.","time":"2026-10-08T02:06:31.852Z","v":0,"logId":"01a11943-1fac-73f2-b7d5-2822f8096cae"}
{"name":"worker","pid":221,"phase":"RUN_GRADLEW","buildId":"6d711126-4c0b-46e1-95b4-2c0c51b4efc4","source":"stdout","level":30,"msg":"w: file:///home/expo/workingdir/build/node_modules/react-native-screens/android/src/main/java/com/swmansion/rnscreens/bottomsheet/BottomSheetDialogRootView.kt:34:9 The corresponding parameter in the supertype 'ReactViewGroup' is named 'right'. This may cause problems when calling this function with named arguments.","time":"2026-10-08T02:06:31.852Z","v":0,"logId":"01a11943-1fac-73f2-b7d5-2823fd927b0a"}
{"name":"worker","pid":221,"phase":"RUN_GRADLEW","buildId":"6d711126-4c0b-46e1-95b4-2c0c51b4efc4","source":"stdout","level":30,"msg":"w: file:///home/expo/workingdir/build/node_modules/react-native-screens/android/src/main/java/com/swmansion/rnscreens/bottomsheet/BottomSheetDialogRootView.kt:35:9 The corresponding parameter in the supertype 'ReactViewGroup' is named 'bottom'. This may cause problems when calling this function with named arguments.","time":"2026-10-08T02:06:31.852Z","v":0,"logId":"01a11943-1fac-73f2-b7d5-2824e636e2fb"}
{"name":"worker","pid":221,"phase":"RUN_GRADLEW","buildId":"6d711126-4c0b-46e1-95b4-2c0c51b4efc4","source":"stdout","level":30,"msg":"w: file:///home/expo/workingdir/build/node_modules/react-native-screens/android/src/main/java/com/swmansion/rnscreens/bottomsheet/BottomSheetDialogRootView.kt:71:9 The corresponding parameter in the supertype 'RootView' is named 'childView'. This may cause problems when calling this function with named arguments.","time":"2026-10-08T02:06:31.852Z","v":0,"logId":"01a11943-1fac-73f2-b7d5-2825722e9635"}
{"name":"worker","pid":221,"phase":"RUN_GRADLEW","buildId":"6d711126-4c0b-46e1-95b4-2c0c51b4efc4","source":"stdout","level":30,"msg":"w: file:///home/expo/workingdir/build/node_modules/react-native-screens/android/src/main/java/com/swmansion/rnscreens/bottomsheet/BottomSheetDialogRootView.kt:72:9 The corresponding parameter in the supertype 'RootView' is named 'ev'. This may cause problems when calling this function with named arguments.","time":"2026-10-08T02:06:31.852Z","v":0,"logId":"01a11943-1fac-73f2-b7d5-2826afa9a92a"}
{"name":"worker","pid":221,"phase":"RUN_GRADLEW","buildId":"6d711126-4c0b-46e1-95b4-2c0c51b4efc4","source":"stdout","level":30,"msg":"w: file:///home/expo/workingdir/build/node_modules/react-native-screens/android/src/main/java/com/swmansion/rnscreens/bottomsheet/BottomSheetDialogRootView.kt:79:46 The corresponding parameter in the supertype 'RootView' is named 'ev'. This may cause problems when calling this function with named arguments.","time":"2026-10-08T02:06:31.852Z","v":0,"logId":"01a11943-1fac-73f2-b7d5-28277e8211ac"}
{"name":"worker","pid":221,"phase":"RUN_GRADLEW","buildId":"6d711126-4c0b-46e1-95b4-2c0c51b4efc4","source":"stdout","level":30,"msg":"w: file:///home/expo/workingdir/build/node_modules/react-native-screens/android/src/main/java/com/swmansion/rnscreens/bottomsheet/BottomSheetDialogRootView.kt:83:9 The corresponding parameter in the supertype 'RootView' is named 'childView'. This may cause problems when calling this function with named arguments.","time":"2026-10-08T02:06:31.852Z","v":0,"logId":"01a11943-1fac-73f2-b7d5-28284202d816"}
{"name":"worker","pid":221,"phase":"RUN_GRADLEW","buildId":"6d711126-4c0b-46e1-95b4-2c0c51b4efc4","source":"stdout","level":30,"msg":"w: file:///home/expo/workingdir/build/node_modules/react-native-screens/android/src/main/java/com/swmansion/rnscreens/bottomsheet/BottomSheetDialogRootView.kt:84:9 The corresponding parameter in the supertype 'RootView' is named 'ev'. This may cause problems when calling this function with named arguments.","time":"2026-10-08T02:06:31.852Z","v":0,"logId":"01a11943-1fac-73f2-b7d5-2829c68f91a7"}
{"name":"worker","pid":221,"phase":"RUN_GRADLEW","buildId":"6d711126-4c0b-46e1-95b4-2c0c51b4efc4","source":"stdout","level":30,"msg":"w: file:///home/expo/workingdir/build/node_modules/react-native-screens/android/src/main/java/com/swmansion/rnscreens/bottomsheet/BottomSheetDialogRootView.kt:95:34 The corresponding parameter in the supertype 'RootView' is named 't'. This may cause problems when calling this function with named arguments.","time":"2026-10-08T02:06:31.852Z","v":0,"logId":"01a11943-1fac-73f2-b7d5-282a28253c15"}
{"name":"worker","pid":221,"phase":"RUN_GRADLEW","buildId":"6d711126-4c0b-46e1-95b4-2c0c51b4efc4","source":"stdout","level":30,"msg":"w: file:///home/expo/workingdir/build/node_modules/react-native-screens/android/src/main/java/com/swmansion/rnscreens/bottomsheet/DimmingView.kt:64:9 The corresponding parameter in the supertype 'ReactCompoundView' is named 'touchX'. This may cause problems when calling this function with named arguments.","time":"2026-10-08T02:06:31.852Z","v":0,"logId":"01a11943-1fac-73f2-b7d5-282b26df41f5"}
{"name":"worker","pid":221,"phase":"RUN_GRADLEW","buildId":"6d711126-4c0b-46e1-95b4-2c0c51b4efc4","source":"stdout","level":30,"msg":"w: file:///home/expo/workingdir/build/node_modules/react-native-screens/android/src/main/java/com/swmansion/rnscreens/bottomsheet/DimmingView.kt:65:9 The corresponding parameter in the supertype 'ReactCompoundView' is named 'touchY'. This may cause problems when calling this function with named arguments.","time":"2026-10-08T02:06:31.852Z","v":0,"logId":"01a11943-1fac-73f2-b7d5-282c29ec1cdc"}
{"name":"worker","pid":221,"phase":"RUN_GRADLEW","buildId":"6d711126-4c0b-46e1-95b4-2c0c51b4efc4","source":"stdout","level":30,"msg":"w: file:///home/expo/workingdir/build/node_modules/react-native-screens/android/src/main/java/com/swmansion/rnscreens/bottomsheet/DimmingView.kt:69:9 The corresponding parameter in the supertype 'ReactCompoundViewGroup' is named 'touchX'. This may cause problems when calling this function with named arguments.","time":"2026-10-08T02:06:31.852Z","v":0,"logId":"01a11943-1fac-73f2-b7d5-282ddc490d72"}
{"name":"worker","pid":221,"phase":"RUN_GRADLEW","buildId":"6d711126-4c0b-46e1-95b4-2c0c51b4efc4","source":"stdout","level":30,"msg":"w: file:///home/expo/workingdir/build/node_modules/react-native-screens/android/src/main/java/com/swmansion/rnscreens/bottomsheet/DimmingView.kt:70:9 The corresponding parameter in the supertype 'ReactCompoundViewGroup' is named 'touchY'. This may cause problems when calling this function with named arguments.","time":"2026-10-08T02:06:31.853Z","v":0,"logId":"01a11943-1fb4-7f00-8766-adcabf9b628b"}
{"name":"worker","pid":221,"phase":"RUN_GRADLEW","buildId":"6d711126-4c0b-46e1-95b4-2c0c51b4efc4","source":"stdout","level":30,"msg":"w: file:///home/expo/workingdir/build/node_modules/react-native-screens/android/src/main/java/com/swmansion/rnscreens/gamma/common/event/BaseEventEmitter.kt:12:38 'fun getEventDispatcherForReactTag(context: ReactContext, reactTag: Int): EventDispatcher?' is deprecated. reactTag is no longer needed.","time":"2026-10-08T02:06:31.860Z","v":0,"logId":"01a11943-1fb7-7f3c-ad88-919cafafd881"}
{"name":"worker","pid":221,"phase":"RUN_GRADLEW","buildId":"6d711126-4c0b-46e1-95b4-2c0c51b4efc4","source":"stdout","level":30,"msg":"w: file:///home/expo/workingdir/build/node_modules/react-native-screens/android/src/main/java/com/swmansion/rnscreens/gamma/modals/dimmingview/DimmingView.kt:64:9 The corresponding parameter in the supertype 'ReactCompoundView' is named 'touchX'. This may cause problems when calling this function with named arguments.","time":"2026-10-08T02:06:31.863Z","v":0,"logId":"01a11943-1fb7-7f3c-ad88-919d47cc4e45"}
{"name":"worker","pid":221,"phase":"RUN_GRADLEW","buildId":"6d711126-4c0b-46e1-95b4-2c0c51b4efc4","source":"stdout","level":30,"msg":"w: file:///home/expo/workingdir/build/node_modules/react-native-screens/android/src/main/java/com/swmansion/rnscreens/gamma/modals/dimmingview/DimmingView.kt:65:9 The corresponding parameter in the supertype 'ReactCompoundView' is named 'touchY'. This may cause problems when calling this function with named arguments.","time":"2026-10-08T02:06:31.863Z","v":0,"logId":"01a11943-1fb7-7f3c-ad88-919eee9904b8"}
{"name":"worker","pid":221,"phase":"RUN_GRADLEW","buildId":"6d711126-4c0b-46e1-95b4-2c0c51b4efc4","source":"stdout","level":30,"msg":"w: file:///home/expo/workingdir/build/node_modules/react-native-screens/android/src/main/java/com/swmansion/rnscreens/gamma/modals/dimmingview/DimmingView.kt:69:9 The corresponding parameter in the supertype 'ReactCompoundViewGroup' is named 'touchX'. This may cause problems when calling this function with named arguments.","time":"2026-10-08T02:06:31.863Z","v":0,"logId":"01a11943-1fb7-7f3c-ad88-919f2ebd2cc1"}
{"name":"worker","pid":221,"phase":"RUN_GRADLEW","buildId":"6d711126-4c0b-46e1-95b4-2c0c51b4efc4","source":"stdout","level":30,"msg":"w: file:///home/expo/workingdir/build/node_modules/react-native-screens/android/src/main/java/com/swmansion/rnscreens/gamma/modals/dimmingview/DimmingView.kt:70:9 The corresponding parameter in the supertype 'ReactCompoundViewGroup' is named 'touchY'. This may cause problems when calling this function with named arguments.","time":"2026-10-08T02:06:31.863Z","v":0,"logId":"01a11943-1fb7-7f3c-ad88-91a06d7df52f"}
{"name":"worker","pid":221,"phase":"RUN_GRADLEW","buildId":"6d711126-4c0b-46e1-95b4-2c0c51b4efc4","source":"stdout","level":30,"msg":"w: file:///home/expo/workingdir/build/node_modules/react-native-screens/android/src/main/java/com/swmansion/rnscreens/gamma/modals/formsheet/FormSheetContentView.kt:11:8 'object ReactFeatureFlags : Any' is deprecated. Use com.facebook.react.internal.featureflags.ReactNativeFeatureFlags instead.","time":"2026-10-08T02:06:31.863Z","v":0,"logId":"01a11943-1fb8-7b63-ac72-2b210145e969"}
{"name":"worker","pid":221,"phase":"RUN_GRADLEW","buildId":"6d711126-4c0b-46e1-95b4-2c0c51b4efc4","source":"stdout","level":30,"msg":"w: file:///home/expo/workingdir/build/node_modules/react-native-screens/android/src/main/java/com/swmansion/rnscreens/gamma/modals/formsheet/FormSheetContentView.kt:39:33 'fun getEventDispatcher(context: ReactContext, uiManagerType: Int): EventDispatcher?' is deprecated. UIManagerType is no longer needed.","time":"2026-10-08T02:06:31.864Z","v":0,"logId":"01a11943-1fb8-7b63-ac72-2b22abf97e8a"}
{"name":"worker","pid":221,"phase":"RUN_GRADLEW","buildId":"6d711126-4c0b-46e1-95b4-2c0c51b4efc4","source":"stdout","level":30,"msg":"w: file:///home/expo/workingdir/build/node_modules/react-native-screens/android/src/main/java/com/swmansion/rnscreens/gamma/modals/formsheet/FormSheetContentView.kt:44:13 'object ReactFeatureFlags : Any' is deprecated. Use com.facebook.react.internal.featureflags.ReactNativeFeatureFlags instead.","time":"2026-10-08T02:06:31.864Z","v":0,"logId":"01a11943-1fb8-7b63-ac72-2b23349a4a4d"}
{"name":"worker","pid":221,"phase":"RUN_GRADLEW","buildId":"6d711126-4c0b-46e1-95b4-2c0c51b4efc4","source":"stdout","level":30,"msg":"w: file:///home/expo/workingdir/build/node_modules/react-native-screens/android/src/main/java/com/swmansion/rnscreens/gamma/modals/formsheet/FormSheetHostViewManager.kt:38:9 The corresponding parameter in the supertype 'FormSheetHostViewManager' is named 'view'. This may cause problems when calling this function with named arguments.","time":"2026-10-08T02:06:31.864Z","v":0,"logId":"01a11943-1fb8-7b63-ac72-2b24a112ff6c"}
{"name":"worker","pid":221,"phase":"RUN_GRADLEW","buildId":"6d711126-4c0b-46e1-95b4-2c0c51b4efc4","source":"stdout","level":30,"msg":"w: file:///home/expo/workingdir/build/node_modules/react-native-screens/android/src/main/java/com/swmansion/rnscreens/gamma/tabs/host/TabsHostViewManager.kt:44:9 The corresponding parameter in the supertype 'TabsHostViewManager' is named 'view'. This may cause problems when calling this function with named arguments.","time":"2026-10-08T02:06:31.864Z","v":0,"logId":"01a11943-1fb8-7b63-ac72-2b25b79c0b2b"}
{"name":"worker","pid":221,"phase":"RUN_GRADLEW","buildId":"6d711126-4c0b-46e1-95b4-2c0c51b4efc4","source":"stdout","level":30,"msg":"w: file:///home/expo/workingdir/build/node_modules/react-native-screens/android/src/main/java/com/swmansion/rnscreens/safearea/SafeAreaView.kt:143:45 'fun consumeDisplayCutout(): @NonNull() WindowInsetsCompat' is deprecated. Deprecated in Java.","time":"2026-10-08T02:06:31.864Z","v":0,"logId":"01a11943-1fb8-7b63-ac72-2b2694c2914a"}
{"name":"worker","pid":221,"phase":"RUN_GRADLEW","buildId":"6d711126-4c0b-46e1-95b4-2c0c51b4efc4","source":"stdout","level":30,"msg":"> Task :react-native-nitro-modules:buildCMakeRelWithDebInfo[x86_64]","time":"2026-10-08T02:06:32.538Z","v":0,"logId":"01a11943-225a-7a3f-8b9d-c20a3bdbd9f0"}
{"name":"worker","pid":221,"phase":"RUN_GRADLEW","buildId":"6d711126-4c0b-46e1-95b4-2c0c51b4efc4","source":"stdout","level":30,"msg":"> Task :app:mergeExtDexRelease","time":"2026-10-08T02:06:42.036Z","v":0,"logId":"01a11943-4775-7bb6-973c-962725af7c98"}
{"name":"worker","pid":221,"phase":"RUN_GRADLEW","buildId":"6d711126-4c0b-46e1-95b4-2c0c51b4efc4","source":"stdout","level":30,"msg":"> Task :react-native-worklets:externalNativeBuildRelease","time":"2026-10-08T02:06:47.036Z","v":0,"logId":"01a11943-5afc-7244-9410-180efb5b476f"}
{"name":"worker","pid":221,"phase":"RUN_GRADLEW","buildId":"6d711126-4c0b-46e1-95b4-2c0c51b4efc4","source":"stdout","level":30,"msg":"> Task :react-native-worklets:generateJsonModelRelease","time":"2026-10-08T02:06:47.037Z","v":0,"logId":"01a11943-5afd-7b84-8450-44a324cbe092"}
{"name":"worker","pid":221,"phase":"RUN_GRADLEW","buildId":"6d711126-4c0b-46e1-95b4-2c0c51b4efc4","source":"stdout","level":30,"msg":"> Task :react-native-worklets:prefabReleaseConfigurePackage","time":"2026-10-08T02:06:47.136Z","v":0,"logId":"01a11943-5b60-70a0-a223-7c62f82be424"}
{"name":"worker","pid":221,"phase":"RUN_GRADLEW","buildId":"6d711126-4c0b-46e1-95b4-2c0c51b4efc4","source":"stdout","level":30,"msg":"> Task :react-native-worklets:prefabReleasePackage","time":"2026-10-08T02:06:48.136Z","v":0,"logId":"01a11943-5f48-7cec-91af-b8fcfea2ac74"}
{"name":"worker","pid":221,"phase":"RUN_GRADLEW","buildId":"6d711126-4c0b-46e1-95b4-2c0c51b4efc4","source":"stdout","level":30,"msg":"> Task :react-native-nitro-modules:externalNativeBuildRelease","time":"2026-10-08T02:06:48.936Z","v":0,"logId":"01a11943-6268-7b8e-aff5-386aa1ec2e50"}
{"name":"worker","pid":221,"phase":"RUN_GRADLEW","buildId":"6d711126-4c0b-46e1-95b4-2c0c51b4efc4","source":"stdout","level":30,"msg":"> Task :react-native-nitro-modules:generateJsonModelRelease","time":"2026-10-08T02:06:48.937Z","v":0,"logId":"01a11943-6269-70e9-afe2-bcd9ffbd19e3"}
{"name":"worker","pid":221,"phase":"RUN_GRADLEW","buildId":"6d711126-4c0b-46e1-95b4-2c0c51b4efc4","source":"stdout","level":30,"msg":"> Task :react-native-nitro-modules:prefabReleaseConfigurePackage","time":"2026-10-08T02:06:48.937Z","v":0,"logId":"01a11943-6269-70e9-afe2-bcda00ca416f"}
{"name":"worker","pid":221,"phase":"RUN_GRADLEW","buildId":"6d711126-4c0b-46e1-95b4-2c0c51b4efc4","source":"stdout","level":30,"msg":"> Task :react-native-nitro-modules:prefabReleasePackage","time":"2026-10-08T02:06:49.136Z","v":0,"logId":"01a11943-6330-7228-a0d1-332f7e506ee4"}
{"name":"worker","pid":221,"phase":"RUN_GRADLEW","buildId":"6d711126-4c0b-46e1-95b4-2c0c51b4efc4","source":"stdout","level":30,"msg":"> Task :react-native-reanimated:configureCMakeRelWithDebInfo[arm64-v8a]","time":"2026-10-08T02:06:52.636Z","v":0,"logId":"01a11943-70dc-7402-aac8-71c1e4bf86bc"}
{"name":"worker","pid":221,"phase":"RUN_GRADLEW","buildId":"6d711126-4c0b-46e1-95b4-2c0c51b4efc4","source":"stdout","level":30,"msg":"> Task :react-native-reanimated:configureCMakeRelWithDebInfo[armeabi-v7a]","time":"2026-10-08T02:06:53.936Z","v":0,"logId":"01a11943-75f0-7f39-b574-beb5d23f2868"}
{"name":"worker","pid":221,"phase":"RUN_GRADLEW","buildId":"6d711126-4c0b-46e1-95b4-2c0c51b4efc4","source":"stdout","level":30,"msg":"> Task :react-native-reanimated:configureCMakeRelWithDebInfo[x86]","time":"2026-10-08T02:06:55.236Z","v":0,"logId":"01a11943-7b04-7a9d-a37a-aca543f8d255"}
{"name":"worker","pid":221,"phase":"RUN_GRADLEW","buildId":"6d711126-4c0b-46e1-95b4-2c0c51b4efc4","source":"stdout","level":30,"msg":"> Task :react-native-reanimated:configureCMakeRelWithDebInfo[x86_64]","time":"2026-10-08T02:06:56.636Z","v":0,"logId":"01a11943-807c-771f-8377-fa5e94098bbf"}
{"name":"worker","pid":221,"phase":"RUN_GRADLEW","buildId":"6d711126-4c0b-46e1-95b4-2c0c51b4efc4","source":"stdout","level":30,"msg":"> Task :react-native-reanimated:generateJsonModelRelease","time":"2026-10-08T02:06:56.637Z","v":0,"logId":"01a11943-807d-7b23-b6e6-b55f451a71b1"}
{"name":"worker","pid":221,"phase":"RUN_GRADLEW","buildId":"6d711126-4c0b-46e1-95b4-2c0c51b4efc4","source":"stdout","level":30,"msg":"> Task :react-native-reanimated:prefabReleaseConfigurePackage","time":"2026-10-08T02:06:56.637Z","v":0,"logId":"01a11943-807d-7b23-b6e6-b560ee74a8e3"}
{"name":"worker","pid":221,"phase":"RUN_GRADLEW","buildId":"6d711126-4c0b-46e1-95b4-2c0c51b4efc4","source":"stdout","level":30,"msg":"> Task :react-native-worklets:mergeReleaseJniLibFolders","time":"2026-10-08T02:07:18.136Z","v":0,"logId":"01a11943-d478-7329-adb0-7ff93e619744"}
{"name":"worker","pid":221,"phase":"RUN_GRADLEW","buildId":"6d711126-4c0b-46e1-95b4-2c0c51b4efc4","source":"stdout","level":30,"msg":"> Task :expo-modules-core:configureCMakeRelWithDebInfo[arm64-v8a]","time":"2026-10-08T02:07:19.136Z","v":0,"logId":"01a11943-d860-7866-bd36-29db57b653ec"}
{"name":"worker","pid":221,"phase":"RUN_GRADLEW","buildId":"6d711126-4c0b-46e1-95b4-2c0c51b4efc4","source":"stdout","level":30,"msg":"> Task :react-native-reanimated:buildCMakeRelWithDebInfo[arm64-v8a][reanimated]","time":"2026-10-08T02:07:26.637Z","v":0,"logId":"01a11943-f5ad-72fa-888e-d32ce475929d"}
{"name":"worker","pid":221,"phase":"RUN_GRADLEW","buildId":"6d711126-4c0b-46e1-95b4-2c0c51b4efc4","source":"stdout","level":30,"msg":"> Task :react-native-worklets:mergeReleaseNativeLibs","time":"2026-10-08T02:08:09.136Z","v":0,"logId":"01a11944-9bb1-74c4-bacb-39e27f0ecd50"}
{"name":"worker","pid":221,"phase":"RUN_GRADLEW","buildId":"6d711126-4c0b-46e1-95b4-2c0c51b4efc4","source":"stdout","level":30,"msg":"> Task :react-native-worklets:copyReleaseJniLibsProjectOnly","time":"2026-10-08T02:08:09.636Z","v":0,"logId":"01a11944-9da4-76bc-a655-af2bfe81242e"}
{"name":"worker","pid":221,"phase":"RUN_GRADLEW","buildId":"6d711126-4c0b-46e1-95b4-2c0c51b4efc4","source":"stdout","level":30,"msg":"> Task :react-native-gesture-handler:configureCMakeRelWithDebInfo[arm64-v8a]","time":"2026-10-08T02:08:39.636Z","v":0,"logId":"01a11945-12d4-7319-b4c0-c48832f4582d"}
{"name":"worker","pid":221,"phase":"RUN_GRADLEW","buildId":"6d711126-4c0b-46e1-95b4-2c0c51b4efc4","source":"stdout","level":30,"msg":"> Task :expo-modules-core:buildCMakeRelWithDebInfo[arm64-v8a]","time":"2026-10-08T02:08:40.337Z","v":0,"logId":"01a11945-1591-788c-9c14-fb7524b9651d"}
{"name":"worker","pid":221,"phase":"RUN_GRADLEW","buildId":"6d711126-4c0b-46e1-95b4-2c0c51b4efc4","source":"stdout","level":30,"msg":"C/C++: ninja: Entering directory `/home/expo/workingdir/build/node_modules/expo-modules-core/android/.cxx/RelWithDebInfo/1e442x6o/arm64-v8a'","time":"2026-10-08T02:08:42.836Z","v":0,"logId":"01a11945-1f54-777e-a746-76f433abc4a3"}
{"name":"worker","pid":221,"phase":"RUN_GRADLEW","buildId":"6d711126-4c0b-46e1-95b4-2c0c51b4efc4","source":"stdout","level":30,"msg":"C/C++: /home/expo/workingdir/build/node_modules/expo-modules-core/android/src/main/cpp/fabric/ExpoComponentDescriptorFactory.cpp:17:5: warning: 'RawPropsParser' is deprecated [-Wdeprecated-declarations]","time":"2026-10-08T02:08:42.837Z","v":0,"logId":"01a11945-1f55-77be-9e7b-766d8da7f0b4"}
{"name":"worker","pid":221,"phase":"RUN_GRADLEW","buildId":"6d711126-4c0b-46e1-95b4-2c0c51b4efc4","source":"stdout","level":30,"msg":"C/C++:    17 |     react::RawPropsParser(/*useRawPropsJsiValue=*/true)","time":"2026-10-08T02:08:42.837Z","v":0,"logId":"01a11945-1f55-77be-9e7b-766eda968a3f"}
{"name":"worker","pid":221,"phase":"RUN_GRADLEW","buildId":"6d711126-4c0b-46e1-95b4-2c0c51b4efc4","source":"stdout","level":30,"msg":"C/C++:       |     ^","time":"2026-10-08T02:08:42.837Z","v":0,"logId":"01a11945-1f55-77be-9e7b-766ffb52732c"}
{"name":"worker","pid":221,"phase":"RUN_GRADLEW","buildId":"6d711126-4c0b-46e1-95b4-2c0c51b4efc4","source":"stdout","level":30,"msg":"C/C++: /home/expo/workingdir/build/node_modules/react-native/ReactCommon/react/renderer/core/RawPropsParser.h:31:5: note: 'RawPropsParser' has been explicitly marked deprecated here","time":"2026-10-08T02:08:42.837Z","v":0,"logId":"01a11945-1f55-77be-9e7b-7670d40bef5e"}
{"name":"worker","pid":221,"phase":"RUN_GRADLEW","buildId":"6d711126-4c0b-46e1-95b4-2c0c51b4efc4","source":"stdout","level":30,"msg":"C/C++:    31 |   [[deprecated]] explicit RawPropsParser(bool /* ignored */) : RawPropsParser() {}","time":"2026-10-08T02:08:42.837Z","v":0,"logId":"01a11945-1f55-77be-9e7b-7671072e0b92"}
{"name":"worker","pid":221,"phase":"RUN_GRADLEW","buildId":"6d711126-4c0b-46e1-95b4-2c0c51b4efc4","source":"stdout","level":30,"msg":"C/C++:       |     ^","time":"2026-10-08T02:08:42.838Z","v":0,"logId":"01a11945-1f56-705a-b79e-f09f6ac60dec"}
{"name":"worker","pid":221,"phase":"RUN_GRADLEW","buildId":"6d711126-4c0b-46e1-95b4-2c0c51b4efc4","source":"stdout","level":30,"msg":"C/C++: 1 warning generated.","time":"2026-10-08T02:08:42.838Z","v":0,"logId":"01a11945-1f56-705a-b79e-f0a03867f647"}
{"name":"worker","pid":221,"phase":"RUN_GRADLEW","buildId":"6d711126-4c0b-46e1-95b4-2c0c51b4efc4","source":"stdout","level":30,"msg":"> Task :expo-modules-core:configureCMakeRelWithDebInfo[armeabi-v7a]","time":"2026-10-08T02:08:44.041Z","v":0,"logId":"01a11945-2409-7e24-b534-eb2914b770d4"}
{"name":"worker","pid":221,"phase":"RUN_GRADLEW","buildId":"6d711126-4c0b-46e1-95b4-2c0c51b4efc4","source":"stdout","level":30,"msg":"> Task :react-native-gesture-handler:configureCMakeRelWithDebInfo[armeabi-v7a]","time":"2026-10-08T02:09:00.836Z","v":0,"logId":"01a11945-65a4-756d-ae2c-62a660799fe2"}
{"name":"worker","pid":221,"phase":"RUN_GRADLEW","buildId":"6d711126-4c0b-46e1-95b4-2c0c51b4efc4","source":"stdout","level":30,"msg":"> Task :app:configureCMakeRelWithDebInfo[arm64-v8a]","time":"2026-10-08T02:09:01.036Z","v":0,"logId":"01a11945-666c-72e1-b7dc-97d7cde58307"}
{"name":"worker","pid":221,"phase":"RUN_GRADLEW","buildId":"6d711126-4c0b-46e1-95b4-2c0c51b4efc4","source":"stdout","level":30,"msg":"> Task :react-native-gesture-handler:configureCMakeRelWithDebInfo[x86]","time":"2026-10-08T02:09:02.536Z","v":0,"logId":"01a11945-6c48-7d41-b8d7-3f03a3f82cf8"}
{"name":"worker","pid":221,"phase":"RUN_GRADLEW","buildId":"6d711126-4c0b-46e1-95b4-2c0c51b4efc4","source":"stdout","level":30,"msg":"> Task :app:configureCMakeRelWithDebInfo[armeabi-v7a]","time":"2026-10-08T02:09:03.136Z","v":0,"logId":"01a11945-6ea0-78a8-b372-1aee486fe1fa"}
{"name":"worker","pid":221,"phase":"RUN_GRADLEW","buildId":"6d711126-4c0b-46e1-95b4-2c0c51b4efc4","source":"stdout","level":30,"msg":"> Task :react-native-gesture-handler:configureCMakeRelWithDebInfo[x86_64]","time":"2026-10-08T02:09:04.136Z","v":0,"logId":"01a11945-7288-7382-acc6-a86546dfa602"}
{"name":"worker","pid":221,"phase":"RUN_GRADLEW","buildId":"6d711126-4c0b-46e1-95b4-2c0c51b4efc4","source":"stdout","level":30,"msg":"> Task :app:configureCMakeRelWithDebInfo[x86]","time":"2026-10-08T02:09:05.238Z","v":0,"logId":"01a11945-76d6-795b-9620-5617e12a515c"}
{"name":"worker","pid":221,"phase":"RUN_GRADLEW","buildId":"6d711126-4c0b-46e1-95b4-2c0c51b4efc4","source":"stdout","level":30,"msg":"> Task :app:configureCMakeRelWithDebInfo[x86_64]","time":"2026-10-08T02:09:07.537Z","v":0,"logId":"01a11945-7fd1-736c-ac3f-20835abf576f"}
{"name":"worker","pid":221,"phase":"RUN_GRADLEW","buildId":"6d711126-4c0b-46e1-95b4-2c0c51b4efc4","source":"stdout","level":30,"msg":"> Task :react-native-nitro-modules:mergeReleaseJniLibFolders","time":"2026-10-08T02:09:07.538Z","v":0,"logId":"01a11945-7fd2-74f9-b2f7-8e3059cf9dff"}
{"name":"worker","pid":221,"phase":"RUN_GRADLEW","buildId":"6d711126-4c0b-46e1-95b4-2c0c51b4efc4","source":"stdout","level":30,"msg":"> Task :react-native-nitro-google-signin:configureCMakeRelWithDebInfo[arm64-v8a]","time":"2026-10-08T02:09:07.836Z","v":0,"logId":"01a11945-80fc-7c84-b6fc-ba133d530af6"}
{"name":"worker","pid":221,"phase":"RUN_GRADLEW","buildId":"6d711126-4c0b-46e1-95b4-2c0c51b4efc4","source":"stdout","level":30,"msg":"> Task :react-native-nitro-modules:mergeReleaseNativeLibs","time":"2026-10-08T02:09:07.838Z","v":0,"logId":"01a11945-80fe-7d41-98cd-39c085ffbe0f"}
{"name":"worker","pid":221,"phase":"RUN_GRADLEW","buildId":"6d711126-4c0b-46e1-95b4-2c0c51b4efc4","source":"stdout","level":30,"msg":"> Task :react-native-nitro-modules:copyReleaseJniLibsProjectOnly","time":"2026-10-08T02:09:08.336Z","v":0,"logId":"01a11945-82f0-7b1b-9ec7-23af37ff8740"}
{"name":"worker","pid":221,"phase":"RUN_GRADLEW","buildId":"6d711126-4c0b-46e1-95b4-2c0c51b4efc4","source":"stdout","level":30,"msg":"> Task :react-native-worklets:checkKotlinGradlePluginConfigurationErrors SKIPPED","time":"2026-10-08T02:09:08.337Z","v":0,"logId":"01a11945-82f1-77c1-8d5c-9ebc613a0cc9"}
{"name":"worker","pid":221,"phase":"RUN_GRADLEW","buildId":"6d711126-4c0b-46e1-95b4-2c0c51b4efc4","source":"stdout","level":30,"msg":"> Task :react-native-worklets:generateReleaseBuildConfig","time":"2026-10-08T02:09:08.337Z","v":0,"logId":"01a11945-82f1-77c1-8d5c-9ebd476f0fe7"}
{"name":"worker","pid":221,"phase":"RUN_GRADLEW","buildId":"6d711126-4c0b-46e1-95b4-2c0c51b4efc4","source":"stdout","level":30,"msg":"> Task :react-native-worklets:generateReleaseResValues","time":"2026-10-08T02:09:08.337Z","v":0,"logId":"01a11945-82f1-77c1-8d5c-9ebe00355f94"}
{"name":"worker","pid":221,"phase":"RUN_GRADLEW","buildId":"6d711126-4c0b-46e1-95b4-2c0c51b4efc4","source":"stdout","level":30,"msg":"> Task :react-native-worklets:generateReleaseResources","time":"2026-10-08T02:09:08.441Z","v":0,"logId":"01a11945-8359-7fb3-8e30-708dd1dd6688"}
{"name":"worker","pid":221,"phase":"RUN_GRADLEW","buildId":"6d711126-4c0b-46e1-95b4-2c0c51b4efc4","source":"stdout","level":30,"msg":"> Task :react-native-worklets:packageReleaseResources","time":"2026-10-08T02:09:08.442Z","v":0,"logId":"01a11945-835a-717c-a77f-6b7661081d0e"}
{"name":"worker","pid":221,"phase":"RUN_GRADLEW","buildId":"6d711126-4c0b-46e1-95b4-2c0c51b4efc4","source":"stdout","level":30,"msg":"> Task :react-native-worklets:parseReleaseLocalResources","time":"2026-10-08T02:09:08.442Z","v":0,"logId":"01a11945-835a-717c-a77f-6b7751e7e1e9"}
{"name":"worker","pid":221,"phase":"RUN_GRADLEW","buildId":"6d711126-4c0b-46e1-95b4-2c0c51b4efc4","source":"stdout","level":30,"msg":"> Task :react-native-worklets:generateReleaseRFile","time":"2026-10-08T02:09:08.536Z","v":0,"logId":"01a11945-83b8-745a-aae8-46df4d668905"}
{"name":"worker","pid":221,"phase":"RUN_GRADLEW","buildId":"6d711126-4c0b-46e1-95b4-2c0c51b4efc4","source":"stdout","level":30,"msg":"> Task :react-native-worklets:compileReleaseKotlin","time":"2026-10-08T02:09:11.342Z","v":0,"logId":"01a11945-8eb1-772a-8099-e5db3d1fb623"}
{"name":"worker","pid":221,"phase":"RUN_GRADLEW","buildId":"6d711126-4c0b-46e1-95b4-2c0c51b4efc4","source":"stdout","level":30,"msg":"> Task :react-native-worklets:javaPreCompileRelease","time":"2026-10-08T02:09:11.346Z","v":0,"logId":"01a11945-8eb2-7e6e-99cc-caf1c8287bbf"}
{"name":"worker","pid":221,"phase":"RUN_GRADLEW","buildId":"6d711126-4c0b-46e1-95b4-2c0c51b4efc4","source":"stdout","level":30,"msg":"> Task :expo-modules-core:buildCMakeRelWithDebInfo[armeabi-v7a]","time":"2026-10-08T02:09:14.036Z","v":0,"logId":"01a11945-9935-7937-8c72-9f90726d6782"}
{"name":"worker","pid":221,"phase":"RUN_GRADLEW","buildId":"6d711126-4c0b-46e1-95b4-2c0c51b4efc4","source":"stdout","level":30,"msg":"> Task :react-native-worklets:compileReleaseJavaWithJavac","time":"2026-10-08T02:09:14.140Z","v":0,"logId":"01a11945-999c-7a92-b736-dad520e063e7"}
{"name":"worker","pid":221,"phase":"RUN_GRADLEW","buildId":"6d711126-4c0b-46e1-95b4-2c0c51b4efc4","source":"stdout","level":30,"msg":"> Task :react-native-worklets:bundleLibCompileToJarRelease","time":"2026-10-08T02:09:14.238Z","v":0,"logId":"01a11945-99ff-7b0b-81af-10001a12665a"}
{"name":"worker","pid":221,"phase":"RUN_GRADLEW","buildId":"6d711126-4c0b-46e1-95b4-2c0c51b4efc4","source":"stdout","level":30,"msg":"> Task :react-native-nitro-modules:checkKotlinGradlePluginConfigurationErrors SKIPPED","time":"2026-10-08T02:09:14.239Z","v":0,"logId":"01a11945-99ff-7b0b-81af-1001561af9f0"}
{"name":"worker","pid":221,"phase":"RUN_GRADLEW","buildId":"6d711126-4c0b-46e1-95b4-2c0c51b4efc4","source":"stdout","level":30,"msg":"> Task :react-native-nitro-modules:generateReleaseBuildConfig","time":"2026-10-08T02:09:14.239Z","v":0,"logId":"01a11945-99ff-7b0b-81af-100202756455"}
{"name":"worker","pid":221,"phase":"RUN_GRADLEW","buildId":"6d711126-4c0b-46e1-95b4-2c0c51b4efc4","source":"stdout","level":30,"msg":"> Task :react-native-nitro-modules:generateReleaseResValues","time":"2026-10-08T02:09:14.240Z","v":0,"logId":"01a11945-9a00-79e1-ac0a-edf7936f80aa"}
{"name":"worker","pid":221,"phase":"RUN_GRADLEW","buildId":"6d711126-4c0b-46e1-95b4-2c0c51b4efc4","source":"stdout","level":30,"msg":"> Task :react-native-nitro-modules:generateReleaseResources","time":"2026-10-08T02:09:14.240Z","v":0,"logId":"01a11945-9a00-79e1-ac0a-edf813899846"}
{"name":"worker","pid":221,"phase":"RUN_GRADLEW","buildId":"6d711126-4c0b-46e1-95b4-2c0c51b4efc4","source":"stdout","level":30,"msg":"> Task :react-native-nitro-modules:packageReleaseResources","time":"2026-10-08T02:09:14.341Z","v":0,"logId":"01a11945-9a65-7ea0-a003-7d990b66b573"}
{"name":"worker","pid":221,"phase":"RUN_GRADLEW","buildId":"6d711126-4c0b-46e1-95b4-2c0c51b4efc4","source":"stdout","level":30,"msg":"> Task :react-native-nitro-modules:parseReleaseLocalResources","time":"2026-10-08T02:09:14.342Z","v":0,"logId":"01a11945-9a66-785c-9758-d830ed683c9f"}
{"name":"worker","pid":221,"phase":"RUN_GRADLEW","buildId":"6d711126-4c0b-46e1-95b4-2c0c51b4efc4","source":"stdout","level":30,"msg":"> Task :react-native-nitro-modules:generateReleaseRFile","time":"2026-10-08T02:09:14.438Z","v":0,"logId":"01a11945-9ac6-7dc0-b55e-7bb035998429"}
{"name":"worker","pid":221,"phase":"RUN_GRADLEW","buildId":"6d711126-4c0b-46e1-95b4-2c0c51b4efc4","source":"stdout","level":30,"msg":"> Task :expo-modules-core:buildCMakeRelWithDebInfo[armeabi-v7a]","time":"2026-10-08T02:09:16.038Z","v":0,"logId":"01a11945-a107-7826-9413-e01404bcd5d2"}
{"name":"worker","pid":221,"phase":"RUN_GRADLEW","buildId":"6d711126-4c0b-46e1-95b4-2c0c51b4efc4","source":"stdout","level":30,"msg":"C/C++: ninja: Entering directory `/home/expo/workingdir/build/node_modules/expo-modules-core/android/.cxx/RelWithDebInfo/1e442x6o/armeabi-v7a'","time":"2026-10-08T02:09:16.039Z","v":0,"logId":"01a11945-a107-7826-9413-e015aea0d0bb"}
{"name":"worker","pid":221,"phase":"RUN_GRADLEW","buildId":"6d711126-4c0b-46e1-95b4-2c0c51b4efc4","source":"stdout","level":30,"msg":"C/C++: /home/expo/workingdir/build/node_modules/expo-modules-core/android/src/main/cpp/fabric/ExpoComponentDescriptorFactory.cpp:17:5: warning: 'RawPropsParser' is deprecated [-Wdeprecated-declarations]","time":"2026-10-08T02:09:16.040Z","v":0,"logId":"01a11945-a108-79a0-abed-f39676dae397"}
{"name":"worker","pid":221,"phase":"RUN_GRADLEW","buildId":"6d711126-4c0b-46e1-95b4-2c0c51b4efc4","source":"stdout","level":30,"msg":"C/C++:    17 |     react::RawPropsParser(/*useRawPropsJsiValue=*/true)","time":"2026-10-08T02:09:16.040Z","v":0,"logId":"01a11945-a108-79a0-abed-f397f09307c6"}
{"name":"worker","pid":221,"phase":"RUN_GRADLEW","buildId":"6d711126-4c0b-46e1-95b4-2c0c51b4efc4","source":"stdout","level":30,"msg":"C/C++:       |     ^","time":"2026-10-08T02:09:16.040Z","v":0,"logId":"01a11945-a108-79a0-abed-f398458e70f7"}
{"name":"worker","pid":221,"phase":"RUN_GRADLEW","buildId":"6d711126-4c0b-46e1-95b4-2c0c51b4efc4","source":"stdout","level":30,"msg":"C/C++: /home/expo/workingdir/build/node_modules/react-native/ReactCommon/react/renderer/core/RawPropsParser.h:31:5: note: 'RawPropsParser' has been explicitly marked deprecated here","time":"2026-10-08T02:09:16.040Z","v":0,"logId":"01a11945-a108-79a0-abed-f399c40418c1"}
{"name":"worker","pid":221,"phase":"RUN_GRADLEW","buildId":"6d711126-4c0b-46e1-95b4-2c0c51b4efc4","source":"stdout","level":30,"msg":"C/C++:    31 |   [[deprecated]] explicit RawPropsParser(bool /* ignored */) : RawPropsParser() {}","time":"2026-10-08T02:09:16.040Z","v":0,"logId":"01a11945-a108-79a0-abed-f39a96120da6"}
{"name":"worker","pid":221,"phase":"RUN_GRADLEW","buildId":"6d711126-4c0b-46e1-95b4-2c0c51b4efc4","source":"stdout","level":30,"msg":"C/C++:       |     ^","time":"2026-10-08T02:09:16.041Z","v":0,"logId":"01a11945-a109-7151-9a8c-67c363929448"}
{"name":"worker","pid":221,"phase":"RUN_GRADLEW","buildId":"6d711126-4c0b-46e1-95b4-2c0c51b4efc4","source":"stdout","level":30,"msg":"C/C++: 1 warning generated.","time":"2026-10-08T02:09:16.041Z","v":0,"logId":"01a11945-a109-7151-9a8c-67c45ea4d521"}
{"name":"worker","pid":221,"phase":"RUN_GRADLEW","buildId":"6d711126-4c0b-46e1-95b4-2c0c51b4efc4","source":"stdout","level":30,"msg":"> Task :react-native-nitro-modules:compileReleaseKotlin","time":"2026-10-08T02:09:18.536Z","v":0,"logId":"01a11945-aac8-7a55-a37e-2a115d2e6dac"}
{"name":"worker","pid":221,"phase":"RUN_GRADLEW","buildId":"6d711126-4c0b-46e1-95b4-2c0c51b4efc4","source":"stdout","level":30,"msg":"> Task :react-native-nitro-modules:javaPreCompileRelease","time":"2026-10-08T02:09:18.537Z","v":0,"logId":"01a11945-aac9-76d7-9b21-9c06cf41b008"}
{"name":"worker","pid":221,"phase":"RUN_GRADLEW","buildId":"6d711126-4c0b-46e1-95b4-2c0c51b4efc4","source":"stdout","level":30,"msg":"> Task :react-native-nitro-modules:compileReleaseJavaWithJavac","time":"2026-10-08T02:09:19.038Z","v":0,"logId":"01a11945-acbe-75c7-adc1-1107559d7851"}
{"name":"worker","pid":221,"phase":"RUN_GRADLEW","buildId":"6d711126-4c0b-46e1-95b4-2c0c51b4efc4","source":"stdout","level":30,"msg":"> Task :react-native-nitro-modules:bundleLibCompileToJarRelease","time":"2026-10-08T02:09:19.039Z","v":0,"logId":"01a11945-acbf-7726-b26c-779d4df3fcc0"}
{"name":"worker","pid":221,"phase":"RUN_GRADLEW","buildId":"6d711126-4c0b-46e1-95b4-2c0c51b4efc4","source":"stdout","level":30,"msg":"> Task :react-native-nitro-modules:bundleLibRuntimeToDirRelease","time":"2026-10-08T02:09:19.141Z","v":0,"logId":"01a11945-ad25-7ca7-b010-e05ce502da41"}
{"name":"worker","pid":221,"phase":"RUN_GRADLEW","buildId":"6d711126-4c0b-46e1-95b4-2c0c51b4efc4","source":"stdout","level":30,"msg":"> Task :expo-modules-core:configureCMakeRelWithDebInfo[x86]","time":"2026-10-08T02:09:20.936Z","v":0,"logId":"01a11945-b428-7b78-bd22-438f89d3f29c"}
{"name":"worker","pid":221,"phase":"RUN_GRADLEW","buildId":"6d711126-4c0b-46e1-95b4-2c0c51b4efc4","source":"stdout","level":30,"msg":"> Task :react-native-screens:compileReleaseJavaWithJavac","time":"2026-10-08T02:09:25.536Z","v":0,"logId":"01a11945-c623-759a-9066-6dda917fecf3"}
{"name":"worker","pid":221,"phase":"RUN_GRADLEW","buildId":"6d711126-4c0b-46e1-95b4-2c0c51b4efc4","source":"stdout","level":30,"msg":"> Task :react-native-screens:bundleLibRuntimeToDirRelease","time":"2026-10-08T02:09:26.636Z","v":0,"logId":"01a11945-ca6c-74d0-b0a5-883e688b8bdb"}
{"name":"worker","pid":221,"phase":"RUN_GRADLEW","buildId":"6d711126-4c0b-46e1-95b4-2c0c51b4efc4","source":"stdout","level":30,"msg":"> Task :react-native-reanimated:buildCMakeRelWithDebInfo[armeabi-v7a][reanimated]","time":"2026-10-08T02:09:27.139Z","v":0,"logId":"01a11945-cc63-73c5-9cf0-ac93e1b45179"}
{"name":"worker","pid":221,"phase":"RUN_GRADLEW","buildId":"6d711126-4c0b-46e1-95b4-2c0c51b4efc4","source":"stdout","level":30,"msg":"> Task :react-native-worklets:bundleLibRuntimeToDirRelease","time":"2026-10-08T02:09:31.637Z","v":0,"logId":"01a11945-ddf5-7f97-b940-6e9a4f823e94"}
{"name":"worker","pid":221,"phase":"RUN_GRADLEW","buildId":"6d711126-4c0b-46e1-95b4-2c0c51b4efc4","source":"stdout","level":30,"msg":"> Task :react-native-nitro-modules:writeReleaseAarMetadata","time":"2026-10-08T02:09:32.040Z","v":0,"logId":"01a11945-df88-787c-a6fe-039a48d81bc2"}
{"name":"worker","pid":221,"phase":"RUN_GRADLEW","buildId":"6d711126-4c0b-46e1-95b4-2c0c51b4efc4","source":"stdout","level":30,"msg":"> Task :react-native-worklets:writeReleaseAarMetadata","time":"2026-10-08T02:09:32.041Z","v":0,"logId":"01a11945-df89-7a77-978d-8a49863766cc"}
{"name":"worker","pid":221,"phase":"RUN_GRADLEW","buildId":"6d711126-4c0b-46e1-95b4-2c0c51b4efc4","source":"stdout","level":30,"msg":"> Task :react-native-nitro-google-signin:buildCMakeRelWithDebInfo[arm64-v8a]","time":"2026-10-08T02:09:37.836Z","v":0,"logId":"01a11945-f62c-7f1b-ad98-f0d2bb0c512e"}
{"name":"worker","pid":221,"phase":"RUN_GRADLEW","buildId":"6d711126-4c0b-46e1-95b4-2c0c51b4efc4","source":"stdout","level":30,"msg":"> Task :app:checkReleaseAarMetadata","time":"2026-10-08T02:09:44.836Z","v":0,"logId":"01a11946-1184-7ea4-8bb1-c96b61687f3b"}
{"name":"worker","pid":221,"phase":"RUN_GRADLEW","buildId":"6d711126-4c0b-46e1-95b4-2c0c51b4efc4","source":"stdout","level":30,"msg":"> Task :app:mapReleaseSourceSetPaths","time":"2026-10-08T02:09:46.439Z","v":0,"logId":"01a11946-17c7-7f56-abf6-b102c59ad33a"}
{"name":"worker","pid":221,"phase":"RUN_GRADLEW","buildId":"6d711126-4c0b-46e1-95b4-2c0c51b4efc4","source":"stdout","level":30,"msg":"> Task :expo-modules-core:buildCMakeRelWithDebInfo[x86]","time":"2026-10-08T02:09:50.937Z","v":0,"logId":"01a11946-2959-7b17-a7be-83a6fb477414"}
{"name":"worker","pid":221,"phase":"RUN_GRADLEW","buildId":"6d711126-4c0b-46e1-95b4-2c0c51b4efc4","source":"stdout","level":30,"msg":"> Task :react-native-nitro-google-signin:configureCMakeRelWithDebInfo[armeabi-v7a]","time":"2026-10-08T02:10:03.336Z","v":0,"logId":"01a11946-59c8-7398-80db-a47c01c5d352"}
{"name":"worker","pid":221,"phase":"RUN_GRADLEW","buildId":"6d711126-4c0b-46e1-95b4-2c0c51b4efc4","source":"stdout","level":30,"msg":"> Task :app:mergeReleaseResources FAILED","time":"2026-10-08T02:10:05.538Z","v":0,"logId":"01a11946-6262-7662-b7e5-cbc2c6348f9c"}
{"name":"worker","pid":221,"phase":"RUN_GRADLEW","buildId":"6d711126-4c0b-46e1-95b4-2c0c51b4efc4","source":"stdout","level":30,"msg":"> Task :expo-modules-core:buildCMakeRelWithDebInfo[x86]","time":"2026-10-08T02:10:29.936Z","v":0,"logId":"01a11946-c1b0-7346-82ee-fe01b67cdfe1"}
{"name":"worker","pid":221,"phase":"RUN_GRADLEW","buildId":"6d711126-4c0b-46e1-95b4-2c0c51b4efc4","source":"stdout","level":30,"msg":"C/C++: ninja: Entering directory `/home/expo/workingdir/build/node_modules/expo-modules-core/android/.cxx/RelWithDebInfo/1e442x6o/x86'","time":"2026-10-08T02:10:29.942Z","v":0,"logId":"01a11946-c1b6-76df-aea7-f20fad1d8c45"}
{"name":"worker","pid":221,"phase":"RUN_GRADLEW","buildId":"6d711126-4c0b-46e1-95b4-2c0c51b4efc4","source":"stdout","level":30,"msg":"C/C++: /home/expo/workingdir/build/node_modules/expo-modules-core/android/src/main/cpp/fabric/ExpoComponentDescriptorFactory.cpp:17:5: warning: 'RawPropsParser' is deprecated [-Wdeprecated-declarations]","time":"2026-10-08T02:10:29.942Z","v":0,"logId":"01a11946-c1b6-76df-aea7-f210fa7ef4b3"}
{"name":"worker","pid":221,"phase":"RUN_GRADLEW","buildId":"6d711126-4c0b-46e1-95b4-2c0c51b4efc4","source":"stdout","level":30,"msg":"C/C++:    17 |     react::RawPropsParser(/*useRawPropsJsiValue=*/true)","time":"2026-10-08T02:10:29.942Z","v":0,"logId":"01a11946-c1b6-76df-aea7-f2113206d5c8"}
{"name":"worker","pid":221,"phase":"RUN_GRADLEW","buildId":"6d711126-4c0b-46e1-95b4-2c0c51b4efc4","source":"stdout","level":30,"msg":"C/C++:       |     ^","time":"2026-10-08T02:10:29.942Z","v":0,"logId":"01a11946-c1b6-76df-aea7-f2120a8f54df"}
{"name":"worker","pid":221,"phase":"RUN_GRADLEW","buildId":"6d711126-4c0b-46e1-95b4-2c0c51b4efc4","source":"stdout","level":30,"msg":"C/C++: /home/expo/workingdir/build/node_modules/react-native/ReactCommon/react/renderer/core/RawPropsParser.h:31:5: note: 'RawPropsParser' has been explicitly marked deprecated here","time":"2026-10-08T02:10:29.942Z","v":0,"logId":"01a11946-c1b6-76df-aea7-f2134b757203"}
{"name":"worker","pid":221,"phase":"RUN_GRADLEW","buildId":"6d711126-4c0b-46e1-95b4-2c0c51b4efc4","source":"stdout","level":30,"msg":"C/C++:    31 |   [[deprecated]] explicit RawPropsParser(bool /* ignored */) : RawPropsParser() {}","time":"2026-10-08T02:10:29.942Z","v":0,"logId":"01a11946-c1b6-76df-aea7-f2144a0ba2fd"}
{"name":"worker","pid":221,"phase":"RUN_GRADLEW","buildId":"6d711126-4c0b-46e1-95b4-2c0c51b4efc4","source":"stdout","level":30,"msg":"C/C++:       |     ^","time":"2026-10-08T02:10:29.942Z","v":0,"logId":"01a11946-c1b6-76df-aea7-f2153bf9cc10"}
{"name":"worker","pid":221,"phase":"RUN_GRADLEW","buildId":"6d711126-4c0b-46e1-95b4-2c0c51b4efc4","source":"stdout","level":30,"msg":"C/C++: 1 warning generated.","time":"2026-10-08T02:10:29.942Z","v":0,"logId":"01a11946-c1b6-76df-aea7-f2168b1be3fe"}
{"name":"worker","pid":221,"phase":"RUN_GRADLEW","buildId":"6d711126-4c0b-46e1-95b4-2c0c51b4efc4","source":"stdout","level":30,"msg":"> Task :react-native-nitro-google-signin:buildCMakeRelWithDebInfo[armeabi-v7a]","time":"2026-10-08T02:10:33.337Z","v":0,"logId":"01a11946-cef9-7cea-9d47-8e67eb79f9c7"}
{"name":"worker","pid":221,"phase":"RUN_GRADLEW","buildId":"6d711126-4c0b-46e1-95b4-2c0c51b4efc4","source":"stdout","level":30,"msg":"[Incubating] Problems report is available at: file:///home/expo/workingdir/build/android/build/reports/problems/problems-report.html","time":"2026-10-08T02:10:59.636Z","v":0,"logId":"01a11947-35b4-7b08-b37b-ee2a8be9dce3"}
{"name":"worker","pid":221,"phase":"RUN_GRADLEW","buildId":"6d711126-4c0b-46e1-95b4-2c0c51b4efc4","source":"stderr","level":30,"msg":"FAILURE: Build failed with an exception.","time":"2026-10-08T02:10:59.637Z","v":0,"logId":"01a11947-35b5-7935-b601-cd76945b2efe"}
{"name":"worker","pid":221,"phase":"RUN_GRADLEW","buildId":"6d711126-4c0b-46e1-95b4-2c0c51b4efc4","source":"stderr","level":30,"msg":"* What went wrong:","time":"2026-10-08T02:10:59.637Z","v":0,"logId":"01a11947-35b5-7935-b601-cd7709bd1ef3"}
{"name":"worker","pid":221,"phase":"RUN_GRADLEW","buildId":"6d711126-4c0b-46e1-95b4-2c0c51b4efc4","source":"stderr","level":30,"msg":"Execution failed for task ':app:mergeReleaseResources'.","time":"2026-10-08T02:10:59.637Z","v":0,"logId":"01a11947-35b5-7935-b601-cd780fd9e484"}
{"name":"worker","pid":221,"phase":"RUN_GRADLEW","buildId":"6d711126-4c0b-46e1-95b4-2c0c51b4efc4","source":"stderr","level":30,"msg":"> Multiple task action failures occurred:","time":"2026-10-08T02:10:59.637Z","v":0,"logId":"01a11947-35b5-7935-b601-cd7909ac152d"}
{"name":"worker","pid":221,"phase":"RUN_GRADLEW","buildId":"6d711126-4c0b-46e1-95b4-2c0c51b4efc4","source":"stderr","level":30,"msg":"   > A failure occurred while executing com.android.build.gradle.internal.res.Aapt2CompileRunnable","time":"2026-10-08T02:10:59.638Z","v":0,"logId":"01a11947-35b6-7c85-b06f-86dca976ab07"}
{"name":"worker","pid":221,"phase":"RUN_GRADLEW","buildId":"6d711126-4c0b-46e1-95b4-2c0c51b4efc4","source":"stderr","level":30,"msg":"      > Android resource compilation failed","time":"2026-10-08T02:10:59.638Z","v":0,"logId":"01a11947-35b6-7c85-b06f-86dde76d1452"}
{"name":"worker","pid":221,"phase":"RUN_GRADLEW","buildId":"6d711126-4c0b-46e1-95b4-2c0c51b4efc4","source":"stderr","level":30,"msg":"        ERROR: /home/expo/workingdir/build/android/app/build/generated/res/react/release/drawable-mdpi/assets_images_adminrequestthumb3.png: AAPT: error: file failed to compile.","time":"2026-10-08T02:10:59.638Z","v":0,"logId":"01a11947-35b6-7c85-b06f-86de4bc6a2ea"}
{"name":"worker","pid":221,"phase":"RUN_GRADLEW","buildId":"6d711126-4c0b-46e1-95b4-2c0c51b4efc4","source":"stderr","level":30,"msg":"            ","time":"2026-10-08T02:10:59.638Z","v":0,"logId":"01a11947-35b6-7c85-b06f-86df68290cb1"}
{"name":"worker","pid":221,"phase":"RUN_GRADLEW","buildId":"6d711126-4c0b-46e1-95b4-2c0c51b4efc4","source":"stderr","level":30,"msg":"   > A failure occurred while executing com.android.build.gradle.internal.res.Aapt2CompileRunnable","time":"2026-10-08T02:10:59.638Z","v":0,"logId":"01a11947-35b6-7c85-b06f-86e02f091064"}
{"name":"worker","pid":221,"phase":"RUN_GRADLEW","buildId":"6d711126-4c0b-46e1-95b4-2c0c51b4efc4","source":"stderr","level":30,"msg":"      > Android resource compilation failed","time":"2026-10-08T02:10:59.638Z","v":0,"logId":"01a11947-35b6-7c85-b06f-86e1235ccc11"}
{"name":"worker","pid":221,"phase":"RUN_GRADLEW","buildId":"6d711126-4c0b-46e1-95b4-2c0c51b4efc4","source":"stderr","level":30,"msg":"        ERROR: /home/expo/workingdir/build/android/app/build/generated/res/react/release/drawable-mdpi/assets_images_about_aboutgraduation.png: AAPT: error: file failed to compile.","time":"2026-10-08T02:10:59.638Z","v":0,"logId":"01a11947-35b6-7c85-b06f-86e26e4f61cb"}
{"name":"worker","pid":221,"phase":"RUN_GRADLEW","buildId":"6d711126-4c0b-46e1-95b4-2c0c51b4efc4","source":"stderr","level":30,"msg":"            ","time":"2026-10-08T02:10:59.638Z","v":0,"logId":"01a11947-35b6-7c85-b06f-86e34ba77cc7"}
{"name":"worker","pid":221,"phase":"RUN_GRADLEW","buildId":"6d711126-4c0b-46e1-95b4-2c0c51b4efc4","source":"stderr","level":30,"msg":"   > A failure occurred while executing com.android.build.gradle.internal.res.Aapt2CompileRunnable","time":"2026-10-08T02:10:59.638Z","v":0,"logId":"01a11947-35b6-7c85-b06f-86e4d9ce7cd6"}
{"name":"worker","pid":221,"phase":"RUN_GRADLEW","buildId":"6d711126-4c0b-46e1-95b4-2c0c51b4efc4","source":"stderr","level":30,"msg":"      > Android resource compilation failed","time":"2026-10-08T02:10:59.638Z","v":0,"logId":"01a11947-35b6-7c85-b06f-86e52976c56c"}
{"name":"worker","pid":221,"phase":"RUN_GRADLEW","buildId":"6d711126-4c0b-46e1-95b4-2c0c51b4efc4","source":"stderr","level":30,"msg":"        ERROR: /home/expo/workingdir/build/android/app/build/generated/res/react/release/drawable-mdpi/assets_images_about_aboutvideography.png: AAPT: error: file failed to compile.","time":"2026-10-08T02:10:59.638Z","v":0,"logId":"01a11947-35b6-7c85-b06f-86e684adcc99"}
{"name":"worker","pid":221,"phase":"RUN_GRADLEW","buildId":"6d711126-4c0b-46e1-95b4-2c0c51b4efc4","source":"stderr","level":30,"msg":"            ","time":"2026-10-08T02:10:59.638Z","v":0,"logId":"01a11947-35b6-7c85-b06f-86e739a00eb9"}
{"name":"worker","pid":221,"phase":"RUN_GRADLEW","buildId":"6d711126-4c0b-46e1-95b4-2c0c51b4efc4","source":"stderr","level":30,"msg":"* Try:","time":"2026-10-08T02:10:59.638Z","v":0,"logId":"01a11947-35b6-7c85-b06f-86e82981049c"}
{"name":"worker","pid":221,"phase":"RUN_GRADLEW","buildId":"6d711126-4c0b-46e1-95b4-2c0c51b4efc4","source":"stderr","level":30,"msg":"> Run with --stacktrace option to get the stack trace.","time":"2026-10-08T02:10:59.638Z","v":0,"logId":"01a11947-35b6-7c85-b06f-86e998dfd91d"}
{"name":"worker","pid":221,"phase":"RUN_GRADLEW","buildId":"6d711126-4c0b-46e1-95b4-2c0c51b4efc4","source":"stderr","level":30,"msg":"> Run with --info or --debug option to get more log output.","time":"2026-10-08T02:10:59.638Z","v":0,"logId":"01a11947-35b6-7c85-b06f-86eab2e25105"}
{"name":"worker","pid":221,"phase":"RUN_GRADLEW","buildId":"6d711126-4c0b-46e1-95b4-2c0c51b4efc4","source":"stderr","level":30,"msg":"> Run with --scan to get full insights from a Build Scan (powered by Develocity).","time":"2026-10-08T02:10:59.638Z","v":0,"logId":"01a11947-35b6-7c85-b06f-86ebaa6eb36d"}
{"name":"worker","pid":221,"phase":"RUN_GRADLEW","buildId":"6d711126-4c0b-46e1-95b4-2c0c51b4efc4","source":"stderr","level":30,"msg":"> Get more help at https://help.gradle.org.","time":"2026-10-08T02:10:59.638Z","v":0,"logId":"01a11947-35b6-7c85-b06f-86ec82b7a7fb"}
{"name":"worker","pid":221,"phase":"RUN_GRADLEW","buildId":"6d711126-4c0b-46e1-95b4-2c0c51b4efc4","source":"stderr","level":30,"msg":"BUILD FAILED in 9m 46s","time":"2026-10-08T02:10:59.638Z","v":0,"logId":"01a11947-35b6-7c85-b06f-86edeca7e8bf"}
{"name":"worker","pid":221,"phase":"RUN_GRADLEW","buildId":"6d711126-4c0b-46e1-95b4-2c0c51b4efc4","source":"stdout","level":30,"msg":"Deprecated Gradle features were used in this build, making it incompatible with Gradle 10.","time":"2026-10-08T02:10:59.638Z","v":0,"logId":"01a11947-35b6-7c85-b06f-86eea5190aa2"}
{"name":"worker","pid":221,"phase":"RUN_GRADLEW","buildId":"6d711126-4c0b-46e1-95b4-2c0c51b4efc4","source":"stdout","level":30,"msg":"You can use '--warning-mode all' to show the individual deprecation warnings and determine if they come from your own scripts or plugins.","time":"2026-10-08T02:10:59.638Z","v":0,"logId":"01a11947-35b6-7c85-b06f-86efa77713de"}
{"name":"worker","pid":221,"phase":"RUN_GRADLEW","buildId":"6d711126-4c0b-46e1-95b4-2c0c51b4efc4","source":"stdout","level":30,"msg":"For more on this, please refer to https://docs.gradle.org/9.3.1/userguide/command_line_interface.html#sec:command_line_warnings in the Gradle documentation.","time":"2026-10-08T02:10:59.638Z","v":0,"logId":"01a11947-35b6-7c85-b06f-86f05cd38859"}
{"name":"worker","pid":221,"phase":"RUN_GRADLEW","buildId":"6d711126-4c0b-46e1-95b4-2c0c51b4efc4","source":"stdout","level":30,"msg":"429 actionable tasks: 429 executed","time":"2026-10-08T02:10:59.638Z","v":0,"logId":"01a11947-35b6-7c85-b06f-86f177f0f9f0"}
{"name":"worker","pid":221,"phase":"RUN_GRADLEW","buildId":"6d711126-4c0b-46e1-95b4-2c0c51b4efc4","source":"stdout","level":30,"msg":"See the profiling report at: file:///home/expo/workingdir/build/android/build/reports/profile/profile-2026-10-08-02-02-17.html","time":"2026-10-08T02:10:59.736Z","v":0,"logId":"01a11947-3618-72f6-a97d-5e4f16504754"}
{"name":"worker","pid":221,"phase":"RUN_GRADLEW","buildId":"6d711126-4c0b-46e1-95b4-2c0c51b4efc4","source":"stdout","level":30,"msg":"A fine-grained performance profile is available: use the --scan option.","time":"2026-10-08T02:10:59.736Z","v":0,"logId":"01a11947-3618-72f6-a97d-5e50e6115dde"}
{"name":"worker","pid":221,"phase":"RUN_GRADLEW","buildId":"6d711126-4c0b-46e1-95b4-2c0c51b4efc4","level":50,"msg":"Error: Gradle build failed with unknown error. See logs for the \"Run gradlew\" phase for more information.","time":"2026-10-08T02:11:00.205Z","v":0,"logId":"01a11947-37ed-74ff-9c53-b61bba5d9b66"}
{"name":"worker","pid":221,"phase":"RUN_GRADLEW","buildId":"6d711126-4c0b-46e1-95b4-2c0c51b4efc4","level":30,"marker":"END_PHASE","result":"failed","durationMs":587688,"msg":"End phase: RUN_GRADLEW","time":"2026-10-08T02:11:00.206Z","v":0,"logId":"01a11947-37ee-784c-8842-5000ba4775cd"}
{"name":"worker","pid":221,"phase":"ON_BUILD_ERROR_HOOK","buildId":"6d711126-4c0b-46e1-95b4-2c0c51b4efc4","level":30,"marker":"START_PHASE","msg":"Start phase: ON_BUILD_ERROR_HOOK","time":"2026-10-08T02:11:00.206Z","v":0,"logId":"01a11947-37ef-787f-91cf-20b70e9418c2"}
{"name":"worker","pid":221,"phase":"ON_BUILD_ERROR_HOOK","buildId":"6d711126-4c0b-46e1-95b4-2c0c51b4efc4","level":30,"marker":"END_PHASE","result":"success","durationMs":2,"msg":"End phase: ON_BUILD_ERROR_HOOK","time":"2026-10-08T02:11:00.211Z","v":0,"logId":"01a11947-37f3-793a-b434-83b95d2bffa5"}
{"name":"worker","pid":221,"phase":"ON_BUILD_COMPLETE_HOOK","buildId":"6d711126-4c0b-46e1-95b4-2c0c51b4efc4","level":30,"marker":"START_PHASE","msg":"Start phase: ON_BUILD_COMPLETE_HOOK","time":"2026-10-08T02:11:00.211Z","v":0,"logId":"01a11947-37f3-793a-b434-83ba0caaac40"}
{"name":"worker","pid":221,"phase":"ON_BUILD_COMPLETE_HOOK","buildId":"6d711126-4c0b-46e1-95b4-2c0c51b4efc4","level":30,"marker":"END_PHASE","result":"success","durationMs":0,"msg":"End phase: ON_BUILD_COMPLETE_HOOK","time":"2026-10-08T02:11:00.212Z","v":0,"logId":"01a11947-37f4-7676-b0bc-c09f611929bc"}
{"name":"worker","pid":221,"phase":"UPLOAD_BUILD_ARTIFACTS","buildId":"6d711126-4c0b-46e1-95b4-2c0c51b4efc4","level":30,"marker":"START_PHASE","msg":"Start phase: UPLOAD_BUILD_ARTIFACTS","time":"2026-10-08T02:11:00.212Z","v":0,"logId":"01a11947-37f4-7676-b0bc-c0a061852a9b"}
{"name":"worker","pid":221,"phase":"UPLOAD_BUILD_ARTIFACTS","buildId":"6d711126-4c0b-46e1-95b4-2c0c51b4efc4","level":30,"marker":"END_PHASE","result":"success","durationMs":0,"msg":"End phase: UPLOAD_BUILD_ARTIFACTS","time":"2026-10-08T02:11:00.213Z","v":0,"logId":"01a11947-37f5-78e2-8851-821f8e2b113f"}
{"name":"worker","pid":221,"phase":"FAIL_BUILD","buildId":"6d711126-4c0b-46e1-95b4-2c0c51b4efc4","level":30,"marker":"START_PHASE","msg":"Start phase: FAIL_BUILD","time":"2026-10-08T02:11:00.213Z","v":0,"logId":"01a11947-37f5-78e2-8851-8220a91fbf18"}
{"name":"worker","pid":221,"phase":"FAIL_BUILD","buildId":"6d711126-4c0b-46e1-95b4-2c0c51b4efc4","level":50,"msg":"Build failed: Gradle build failed with unknown error. See logs for the \"Run gradlew\" phase for more information.","time":"2026-10-08T02:11:00.215Z","v":0,"logId":"01a11947-37f7-7044-8e60-e994ef9933e7"}
{"name":"worker","pid":221,"phase":"FAIL_BUILD","buildId":"6d711126-4c0b-46e1-95b4-2c0c51b4efc4","level":30,"marker":"END_PHASE","result":"failed","msg":"End phase: FAIL_BUILD","time":"2026-10-08T02:11:00.215Z","v":0,"logId":"01a11947-37f7-7044-8e60-e995060cf952"}
